event_time,event_type,product_id,price,user_id,user_session
2023-01-01 00:00:00 UTC,view,5809910,5.24,595414620,4adb70bb-edbd-4981-b60f-a05bfd32683a
2023-01-01 00:00:09 UTC,view,5812943,3.97,595414640,c8c5205d-be43-4f1d-aa56-4828b8151c8a
2023-01-01 00:00:19 UTC,view,5798924,3.97,595412617,46a5010f-bd69-4fbe-a00d-bb17aa7b46f3
2023-01-01 00:00:24 UTC,view,5793052,4.92,420652863,546f6af3-a517-4752-a98b-80c4c5860711
2023-01-01 00:00:25 UTC,view,5899926,3.92,484071203,cff70ddf-529e-4b0c-a4fc-f43a749c0acb
2023-01-01 00:00:30 UTC,view,5837111,6.35,595412617,46a5010f-bd69-4fbe-a00d-bb17aa7b46f3
2023-01-01 00:00:37 UTC,cart,5850281,137.78,593016733,848f607c-1d14-474a-8869-c40e60783c9d
2023-01-01 00:00:46 UTC,view,5802440,2.16,595411904,74ca1cd5-5381-4ffe-b00b-a258b390db77
2023-01-01 00:00:57 UTC,view,5726464,5.56,420652863,546f6af3-a517-4752-a98b-80c4c5860711
2023-01-01 00:01:02 UTC,remove_from_cart,5850281,137.78,593016733,848f607c-1d14-474a-8869-c40e60783c9d
2023-01-01 00:01:02 UTC,remove_from_cart,5850281,137.78,593016733,848f607c-1d14-474a-8869-c40e60783c9d
2023-01-01 00:01:05 UTC,view,5809910,5.24,588166646,e099adca-fec5-4aef-820f-6116836e322a
2023-01-01 00:01:13 UTC,cart,5802440,2.16,595411904,74ca1cd5-5381-4ffe-b00b-a258b390db77
2023-01-01 00:01:28 UTC,view,5753479,2.68,545251190,130db082-0e4b-4a03-851b-cea5435b7553
2023-01-01 00:01:31 UTC,view,5911252,1.27,539775844,e04ed824-4857-40e4-a783-aca4001bc05b
2023-01-01 00:01:32 UTC,view,5810716,1.27,595414814,dc2fb978-1008-4097-b598-440974faa7c3
2023-01-01 00:01:33 UTC,view,5831649,1.43,595412617,46a5010f-bd69-4fbe-a00d-bb17aa7b46f3
2023-01-01 00:01:37 UTC,view,5741344,4.29,420652863,546f6af3-a517-4752-a98b-80c4c5860711
2023-01-01 00:01:37 UTC,view,5770029,2.81,562921825,2d7bf387-7c51-4a5f-bce8-c3bb0c9c2ab7
2023-01-01 00:01:38 UTC,view,5810674,10.32,545251190,130db082-0e4b-4a03-851b-cea5435b7553
2023-01-01 00:01:40 UTC,view,5784983,2.06,502631750,6edb4c0e-285c-4fbc-8977-589ef6d326b8
2023-01-01 00:01:45 UTC,view,5793261,22.21,579707372,c4e35119-bbf5-49fa-9043-61cb7583c250
2023-01-01 00:01:48 UTC,view,5741352,3.33,420652863,546f6af3-a517-4752-a98b-80c4c5860711
2023-01-01 00:01:51 UTC,cart,5810716,1.27,595414814,dc2fb978-1008-4097-b598-440974faa7c3
2023-01-01 00:01:54 UTC,view,5775528,4.44,397780878,7e8a2b85-153a-44eb-a71f-b748fde14fcc
2023-01-01 00:02:09 UTC,view,5741345,3.33,420652863,546f6af3-a517-4752-a98b-80c4c5860711
2023-01-01 00:02:12 UTC,view,5776130,1.98,504289133,ed5adf3c-717c-4a24-90be-ea4b781af224
2023-01-01 00:02:12 UTC,view,5909810,18.73,583467324,5b6d1229-035c-4140-9bca-a2abf0f7e32c
2023-01-01 00:02:31 UTC,view,5775987,3.97,397780878,7e8a2b85-153a-44eb-a71f-b748fde14fcc
2023-01-01 00:02:37 UTC,view,5703723,2.62,572002047,02cc6ff7-0fe0-4f4a-b7fd-af41e9c829d9
2023-01-01 00:02:45 UTC,cart,5809803,1.27,595414814,dc2fb978-1008-4097-b598-440974faa7c3
2023-01-01 00:02:55 UTC,view,5622680,2.21,502631750,6edb4c0e-285c-4fbc-8977-589ef6d326b8
2023-01-01 00:03:04 UTC,remove_from_cart,4938,1.43,397780878,7e8a2b85-153a-44eb-a71f-b748fde14fcc
2023-01-01 00:03:04 UTC,remove_from_cart,4938,1.43,397780878,7e8a2b85-153a-44eb-a71f-b748fde14fcc
2023-01-01 00:03:04 UTC,view,5677043,13.33,595415004,a4e4ffb3-c041-4326-81d4-ff497467f79e
2023-01-01 00:03:13 UTC,cart,5591314,4.29,588166646,e099adca-fec5-4aef-820f-6116836e322a
2023-01-01 00:03:13 UTC,cart,5869577,1.27,595414814,dc2fb978-1008-4097-b598-440974faa7c3
2023-01-01 00:03:20 UTC,cart,5585658,0.71,486140614,40d8e7b0-e86d-4c68-bdae-6be378d82637
2023-01-01 00:03:34 UTC,cart,5800788,4.52,486140614,40d8e7b0-e86d-4c68-bdae-6be378d82637
2023-01-01 00:03:48 UTC,view,5885416,6.27,588166646,e099adca-fec5-4aef-820f-6116836e322a
2023-01-01 00:03:53 UTC,cart,6730,6.35,486140614,40d8e7b0-e86d-4c68-bdae-6be378d82637
2023-01-01 00:04:13 UTC,cart,5712801,3.02,486140614,40d8e7b0-e86d-4c68-bdae-6be378d82637
2023-01-01 00:04:14 UTC,view,5755166,5.56,420652863,546f6af3-a517-4752-a98b-80c4c5860711
2023-01-01 00:04:23 UTC,view,5740015,6.19,588166646,e099adca-fec5-4aef-820f-6116836e322a
2023-01-01 00:04:25 UTC,cart,5878923,8.1,486140614,40d8e7b0-e86d-4c68-bdae-6be378d82637
2023-01-01 00:04:26 UTC,view,5775985,17.46,397780878,7e8a2b85-153a-44eb-a71f-b748fde14fcc
2023-01-01 00:04:33 UTC,view,5588610,3.33,552530349,26279051-3d7c-467e-86ae-e981461f5169
2023-01-01 00:04:46 UTC,view,5775981,17.46,397780878,7e8a2b85-153a-44eb-a71f-b748fde14fcc
2023-01-01 00:04:48 UTC,view,5560754,194.44,308660401,ac9e0b76-1949-424f-98f0-71ff26115556
2023-01-01 00:04:49 UTC,view,5886282,21.59,595415220,741976ca-e097-487d-bf38-bab8409867c3
2023-01-01 00:04:50 UTC,view,5726464,5.56,420652863,546f6af3-a517-4752-a98b-80c4c5860711
2023-01-01 00:04:53 UTC,view,5863519,1.83,372834644,d463e1b6-0a4a-4157-929b-ecfff0d06096
2023-01-01 00:04:57 UTC,cart,5585660,0.92,486140614,40d8e7b0-e86d-4c68-bdae-6be378d82637
2023-01-01 00:05:01 UTC,view,11719,15.24,595415113,3021ed3b-5e7b-4295-89aa-1ecf5a0b3667
2023-01-01 00:05:05 UTC,view,5884033,4.06,483531143,84ea4985-e883-4d7d-9a52-1e6181a6ab32
2023-01-01 00:05:27 UTC,view,5902789,1.92,595415298,b5f94acc-e0a7-439b-91e2-b4099d0b00ce
2023-01-01 00:05:38 UTC,view,5699801,6.11,420652863,546f6af3-a517-4752-a98b-80c4c5860711
2023-01-01 00:05:51 UTC,cart,5622680,2.21,502631750,6edb4c0e-285c-4fbc-8977-589ef6d326b8
2023-01-01 00:05:58 UTC,cart,5775981,17.46,397780878,7e8a2b85-153a-44eb-a71f-b748fde14fcc
2023-01-01 00:06:04 UTC,view,5810794,9.13,595415384,f03a27a1-0e31-4d42-8ffe-46261a4ac07b
2023-01-01 00:06:07 UTC,purchase,5802440,2.16,595411904,74ca1cd5-5381-4ffe-b00b-a258b390db77
2023-01-01 00:06:07 UTC,purchase,5825203,7.92,595411904,74ca1cd5-5381-4ffe-b00b-a258b390db77
2023-01-01 00:06:09 UTC,cart,5814046,6.27,595415113,3021ed3b-5e7b-4295-89aa-1ecf5a0b3667
2023-01-01 00:06:09 UTC,cart,5775982,11.9,397780878,7e8a2b85-153a-44eb-a71f-b748fde14fcc
2023-01-01 00:06:12 UTC,view,5873531,31.59,595415402,5e5ee380-7aad-4965-8216-4256ed29be1e
2023-01-01 00:06:19 UTC,view,5735217,0.68,502631750,6edb4c0e-285c-4fbc-8977-589ef6d326b8
2023-01-01 00:06:40 UTC,cart,5775985,17.46,397780878,7e8a2b85-153a-44eb-a71f-b748fde14fcc
2023-01-01 00:06:45 UTC,view,5858887,6.83,420652863,546f6af3-a517-4752-a98b-80c4c5860711
2023-01-01 00:06:48 UTC,view,5877454,44.29,580096800,badc481f-936a-4b23-ae40-b8753553b83c
2023-01-01 00:06:52 UTC,cart,5706782,4.44,595415113,3021ed3b-5e7b-4295-89aa-1ecf5a0b3667
2023-01-01 00:06:57 UTC,view,5876989,1.59,590733430,381f7ad0-14aa-4af2-a2e1-504db53c9430
2023-01-01 00:07:07 UTC,view,5828286,1.9,595414814,dc2fb978-1008-4097-b598-440974faa7c3
2023-01-01 00:07:10 UTC,view,5758984,5.56,561995141,ee6eed16-7fee-40cf-b159-bee498421245
2023-01-01 00:07:11 UTC,view,5847343,6.98,420652863,546f6af3-a517-4752-a98b-80c4c5860711
2023-01-01 00:07:12 UTC,remove_from_cart,5809871,3.02,502631750,6edb4c0e-285c-4fbc-8977-589ef6d326b8
2023-01-01 00:07:12 UTC,remove_from_cart,5809871,3.02,502631750,6edb4c0e-285c-4fbc-8977-589ef6d326b8
2023-01-01 00:07:20 UTC,cart,5828286,1.9,595414814,dc2fb978-1008-4097-b598-440974faa7c3
2023-01-01 00:07:31 UTC,view,5809910,5.24,502631750,6edb4c0e-285c-4fbc-8977-589ef6d326b8
2023-01-01 00:07:38 UTC,view,5775985,17.46,397780878,7e8a2b85-153a-44eb-a71f-b748fde14fcc
2023-01-01 00:07:40 UTC,view,5730210,7.46,420652863,546f6af3-a517-4752-a98b-80c4c5860711
2023-01-01 00:07:40 UTC,view,5827480,5.56,595415562,c004bb8b-7523-4985-9ce2-cb8bf8a8009d
2023-01-01 00:07:54 UTC,view,5828284,1.9,595414814,dc2fb978-1008-4097-b598-440974faa7c3
2023-01-01 00:08:09 UTC,view,5828288,1.9,595414814,dc2fb978-1008-4097-b598-440974faa7c3
2023-01-01 00:08:17 UTC,view,5879020,3.97,320997455,bcb72ac6-9b8b-4417-a53e-9d419605b8d3
2023-01-01 00:08:23 UTC,view,5828284,1.9,595414814,dc2fb978-1008-4097-b598-440974faa7c3
2023-01-01 00:08:28 UTC,cart,5809910,5.24,502631750,6edb4c0e-285c-4fbc-8977-589ef6d326b8
2023-01-01 00:08:32 UTC,view,5816383,3.33,377569835,06426875-420e-44bd-a91a-35422598fedf
2023-01-01 00:08:34 UTC,cart,5938,6.27,595415113,3021ed3b-5e7b-4295-89aa-1ecf5a0b3667
2023-01-01 00:08:35 UTC,cart,5828284,1.9,595414814,dc2fb978-1008-4097-b598-440974faa7c3
2023-01-01 00:08:44 UTC,view,5730214,8.25,420652863,546f6af3-a517-4752-a98b-80c4c5860711
2023-01-01 00:08:59 UTC,view,5832416,0.95,595415711,6a9afc66-a26a-4fc0-bde2-85babb7ee1d1
2023-01-01 00:09:04 UTC,view,5769877,3.65,595415719,0fe6053a-3999-4f53-af52-cff0d3da3d53
2023-01-01 00:09:15 UTC,view,5814046,6.27,588166646,e099adca-fec5-4aef-820f-6116836e322a
2023-01-01 00:09:17 UTC,cart,5628025,2.7,595415113,3021ed3b-5e7b-4295-89aa-1ecf5a0b3667
2023-01-01 00:09:17 UTC,view,5832416,0.95,595415711,6a9afc66-a26a-4fc0-bde2-85babb7ee1d1
2023-01-01 00:09:26 UTC,view,5740015,6.19,588166646,e099adca-fec5-4aef-820f-6116836e322a
2023-01-01 00:09:50 UTC,cart,5807747,6.03,595415113,3021ed3b-5e7b-4295-89aa-1ecf5a0b3667
2023-01-01 00:10:03 UTC,view,5826185,7.14,595415837,ef59edb9-4e71-4ce7-8ba5-ab674b4acd4b
2023-01-01 00:10:09 UTC,view,5902792,3.1,468202116,21914b5e-537b-490d-af16-7afcfd7f7a88
2023-01-01 00:10:11 UTC,cart,5849033,10.32,397780878,7e8a2b85-153a-44eb-a71f-b748fde14fcc
2023-01-01 00:10:23 UTC,cart,5687132,0.79,595415113,3021ed3b-5e7b-4295-89aa-1ecf5a0b3667
2023-01-01 00:10:30 UTC,cart,5818481,3.14,502631750,6edb4c0e-285c-4fbc-8977-589ef6d326b8
2023-01-01 00:10:43 UTC,cart,5751384,9.37,397780878,7e8a2b85-153a-44eb-a71f-b748fde14fcc
2023-01-01 00:10:56 UTC,cart,5700037,0.4,595415113,3021ed3b-5e7b-4295-89aa-1ecf5a0b3667
2023-01-01 00:10:59 UTC,cart,5686925,0.35,502631750,6edb4c0e-285c-4fbc-8977-589ef6d326b8
2023-01-01 00:10:59 UTC,view,5850517,10.06,595397906,f4546c49-28a5-43f5-9d6e-adf27636cccf
2023-01-01 00:11:00 UTC,cart,5740015,6.19,588166646,e099adca-fec5-4aef-820f-6116836e322a
2023-01-01 00:11:01 UTC,cart,5686925,0.35,502631750,6edb4c0e-285c-4fbc-8977-589ef6d326b8
2023-01-01 00:11:04 UTC,cart,5686925,0.35,502631750,6edb4c0e-285c-4fbc-8977-589ef6d326b8
2023-01-01 00:11:05 UTC,cart,5686925,0.35,502631750,6edb4c0e-285c-4fbc-8977-589ef6d326b8
2023-01-01 00:11:05 UTC,remove_from_cart,5591314,4.29,588166646,e099adca-fec5-4aef-820f-6116836e322a
2023-01-01 00:11:06 UTC,remove_from_cart,5591314,4.29,588166646,e099adca-fec5-4aef-820f-6116836e322a
2023-01-01 00:11:07 UTC,cart,5686925,0.35,502631750,6edb4c0e-285c-4fbc-8977-589ef6d326b8
2023-01-01 00:11:10 UTC,cart,5686925,0.35,502631750,6edb4c0e-285c-4fbc-8977-589ef6d326b8
2023-01-01 00:11:17 UTC,cart,5686079,0.51,595412191,e11ca0d2-ffb9-4542-ba53-47f8daf2e2f9
2023-01-01 00:11:27 UTC,view,5686925,0.35,502631750,6edb4c0e-285c-4fbc-8977-589ef6d326b8
2023-01-01 00:11:33 UTC,view,5826182,3.33,394487557,f1a9c36c-5e68-4879-ab42-659407ba0943
2023-01-01 00:11:45 UTC,cart,5809910,5.24,397780878,7e8a2b85-153a-44eb-a71f-b748fde14fcc
2023-01-01 00:11:51 UTC,view,5888968,5.16,595416065,8b2b6167-3876-493d-9bac-ee8a81a90131
2023-01-01 00:11:59 UTC,cart,5904954,29.37,588889105,8444b85e-fb06-46b7-be5c-b5f55b6e7e69
2023-01-01 00:12:01 UTC,view,5904954,29.37,588889105,8444b85e-fb06-46b7-be5c-b5f55b6e7e69
2023-01-01 00:12:04 UTC,view,5702872,0.38,502631750,6edb4c0e-285c-4fbc-8977-589ef6d326b8
2023-01-01 00:12:30 UTC,view,5806447,3.43,310843802,e3d3613c-44b4-4a60-8781-d94ad09a1a2a
2023-01-01 00:12:31 UTC,view,5686925,0.35,502631750,6edb4c0e-285c-4fbc-8977-589ef6d326b8
2023-01-01 00:12:31 UTC,view,5651938,6.33,588889105,e30ba8d1-42b3-4578-98e8-eb705f3ff562
2023-01-01 00:12:39 UTC,view,5791012,60.32,595416169,d3933538-ec90-4c3f-9903-d487ab077ed2
2023-01-01 00:12:41 UTC,view,5888519,5.56,595416065,8b2b6167-3876-493d-9bac-ee8a81a90131
2023-01-01 00:12:47 UTC,view,5904954,29.37,588889105,d4bac8e0-91df-4fb8-a928-77f052dedd20
2023-01-01 00:12:55 UTC,view,5697463,12.14,413502760,45e983a3-6783-4aae-b8ef-495956dfd350
2023-01-01 00:13:00 UTC,cart,5843836,0.38,502631750,6edb4c0e-285c-4fbc-8977-589ef6d326b8
2023-01-01 00:13:01 UTC,cart,5843836,0.38,502631750,6edb4c0e-285c-4fbc-8977-589ef6d326b8
2023-01-01 00:13:17 UTC,view,5791012,60.32,595416169,46850dce-0fb4-486f-a253-c0b07a3bec7b
2023-01-01 00:13:19 UTC,view,5863503,24.79,413502760,45e983a3-6783-4aae-b8ef-495956dfd350
2023-01-01 00:13:30 UTC,view,5888514,7.62,595416065,8b2b6167-3876-493d-9bac-ee8a81a90131
2023-01-01 00:13:33 UTC,cart,5730214,8.25,310843802,e3d3613c-44b4-4a60-8781-d94ad09a1a2a
2023-01-01 00:13:35 UTC,cart,5802433,0.35,502631750,6edb4c0e-285c-4fbc-8977-589ef6d326b8
2023-01-01 00:13:37 UTC,cart,5802433,0.35,502631750,6edb4c0e-285c-4fbc-8977-589ef6d326b8
2023-01-01 00:13:40 UTC,view,5883993,3.81,582568629,5ecf66ed-634c-465e-a6b5-6b601c4fef19
2023-01-01 00:13:45 UTC,remove_from_cart,5686925,0.35,502631750,6edb4c0e-285c-4fbc-8977-589ef6d326b8
2023-01-01 00:13:47 UTC,view,5863504,26.11,413502760,45e983a3-6783-4aae-b8ef-495956dfd350
2023-01-01 00:13:48 UTC,view,5888956,6.03,595416065,8b2b6167-3876-493d-9bac-ee8a81a90131
2023-01-01 00:13:55 UTC,cart,5884212,10.63,310843802,e3d3613c-44b4-4a60-8781-d94ad09a1a2a
2023-01-01 00:14:05 UTC,cart,5875317,1.59,595415113,3021ed3b-5e7b-4295-89aa-1ecf5a0b3667
2023-01-01 00:14:07 UTC,view,5904954,29.37,588889105,e30ba8d1-42b3-4578-98e8-eb705f3ff562
2023-01-01 00:14:19 UTC,cart,5763413,6.03,351291383,49070f2a-36a3-420e-8472-a6a125301a1d
2023-01-01 00:14:21 UTC,view,5763413,6.03,351291383,49070f2a-36a3-420e-8472-a6a125301a1d
2023-01-01 00:14:22 UTC,view,5892540,7.78,566766096,88e7088d-bd2a-4ba2-b87d-bba9c3b5f701
2023-01-01 00:14:27 UTC,view,5887271,4.11,595416448,f44915f6-d3d4-48fb-8355-2fcd7774a4da
2023-01-01 00:14:36 UTC,view,5877452,44.29,502631750,6edb4c0e-285c-4fbc-8977-589ef6d326b8
2023-01-01 00:14:49 UTC,remove_from_cart,5705002,3.33,351291383,49070f2a-36a3-420e-8472-a6a125301a1d
2023-01-01 00:14:49 UTC,remove_from_cart,5705002,3.33,351291383,49070f2a-36a3-420e-8472-a6a125301a1d
2023-01-01 00:15:25 UTC,view,5877454,44.29,502631750,6edb4c0e-285c-4fbc-8977-589ef6d326b8
2023-01-01 00:15:29 UTC,view,5838652,5.48,397780878,7e8a2b85-153a-44eb-a71f-b748fde14fcc
2023-01-01 00:15:33 UTC,view,5699414,11.9,517368580,8481fd7a-d97c-4433-8626-8d023f8cc434
2023-01-01 00:15:36 UTC,view,5861991,46.02,595416520,97fb3060-6002-4f35-b9f6-7ecf31c29d18
2023-01-01 00:15:46 UTC,view,5866978,12.87,334377486,3e5739bc-ac35-48b4-bd47-b61c6ce17ae5
2023-01-01 00:16:57 UTC,view,5896420,49.21,502631750,6edb4c0e-285c-4fbc-8977-589ef6d326b8
2023-01-01 00:16:57 UTC,view,5819102,9.29,564697126,26e58d15-e97f-46a4-8817-849a843a64ef
2023-01-01 00:16:59 UTC,view,5641401,1.11,564697126,3fedb87f-ea7d-41cf-bda7-a625dac425ee
2023-01-01 00:17:10 UTC,view,5832416,0.95,595415711,80432030-519b-4c15-98f2-4f56fbd0f185
2023-01-01 00:17:19 UTC,view,5844310,1.57,595416496,640976fc-0c3a-4914-89df-2a35c86844ac
2023-01-01 00:17:26 UTC,view,5699414,11.9,517368580,8481fd7a-d97c-4433-8626-8d023f8cc434
2023-01-01 00:17:28 UTC,view,5895635,6.35,351291383,49070f2a-36a3-420e-8472-a6a125301a1d
2023-01-01 00:17:51 UTC,cart,5895635,6.35,351291383,49070f2a-36a3-420e-8472-a6a125301a1d
2023-01-01 00:18:39 UTC,remove_from_cart,5740015,6.19,588166646,e099adca-fec5-4aef-820f-6116836e322a
2023-01-01 00:18:39 UTC,remove_from_cart,5740015,6.19,588166646,e099adca-fec5-4aef-820f-6116836e322a
2023-01-01 00:18:43 UTC,view,5847345,6.51,595416437,146328c3-8ce1-4183-be80-cfa670edccce
2023-01-01 00:18:46 UTC,view,5886557,5.11,478173104,bf77210e-1394-4cf5-93e3-af4499b3b357
2023-01-01 00:19:11 UTC,view,5649271,12.22,514761845,171b7c89-f680-43c2-9e44-d7dda91cfe34
2023-01-01 00:19:15 UTC,view,5695642,2.62,595147576,62d0a668-5672-469e-bca4-ce42f9821f5c
2023-01-01 00:19:24 UTC,cart,5740015,6.19,588166646,e099adca-fec5-4aef-820f-6116836e322a
2023-01-01 00:19:36 UTC,view,5649272,6.19,514761845,171b7c89-f680-43c2-9e44-d7dda91cfe34
2023-01-01 00:19:44 UTC,cart,5587546,2.84,351291383,49070f2a-36a3-420e-8472-a6a125301a1d
2023-01-01 00:19:50 UTC,view,5770029,2.81,595417190,6a072cf8-ebbf-4582-8893-0fc24837e94d
2023-01-01 00:19:58 UTC,view,5649271,12.22,514761845,171b7c89-f680-43c2-9e44-d7dda91cfe34
2023-01-01 00:20:05 UTC,view,5723475,23.02,494923678,fb32dc91-0502-5451-82c3-b58b2eeb4da3
2023-01-01 00:20:18 UTC,view,5855333,3.89,567458618,8cb252fb-a33f-4a1e-bbdf-c7ebd515e03e
2023-01-01 00:20:21 UTC,view,5846066,12.19,595417263,187d97e1-1632-447a-a20e-96df9e00ab30
2023-01-01 00:20:25 UTC,view,5649272,6.19,514761845,171b7c89-f680-43c2-9e44-d7dda91cfe34
2023-01-01 00:20:41 UTC,view,5649271,12.22,514761845,171b7c89-f680-43c2-9e44-d7dda91cfe34
2023-01-01 00:20:50 UTC,view,5808976,1.43,595417342,f6e5ebaa-a4ff-4a2c-bd66-a2a3e3e02ad1
2023-01-01 00:21:00 UTC,view,5600449,15.38,494923678,fb32dc91-0502-5451-82c3-b58b2eeb4da3
2023-01-01 00:21:05 UTC,cart,5895451,9.83,588166646,e099adca-fec5-4aef-820f-6116836e322a
2023-01-01 00:21:31 UTC,view,5800916,26.98,504269664,83b31b31-e728-47a9-a34f-093062cb49ea
2023-01-01 00:21:40 UTC,cart,5891282,23.02,588889105,8444b85e-fb06-46b7-be5c-b5f55b6e7e69
2023-01-01 00:22:00 UTC,view,5600450,11.27,494923678,fb32dc91-0502-5451-82c3-b58b2eeb4da3
2023-01-01 00:22:08 UTC,view,5770029,2.81,595417508,d9e55a3f-19ea-4315-9e25-d3a98ef06861
2023-01-01 00:22:10 UTC,view,5808976,1.43,595417342,a76bfe59-49dd-44de-985c-eb8acd479852
2023-01-01 00:22:44 UTC,view,5550078,3.0,535821133,9eee3edb-9240-432a-bab6-fb5e2ac60ff7
2023-01-01 00:23:28 UTC,view,5733556,3.17,499825960,e9ee8ab1-5dbe-4e1f-91e4-c064bc237dca
2023-01-01 00:23:41 UTC,view,5600450,11.27,494923678,fb32dc91-0502-5451-82c3-b58b2eeb4da3
2023-01-01 00:24:05 UTC,view,5823778,2.38,535821133,9eee3edb-9240-432a-bab6-fb5e2ac60ff7
2023-01-01 00:24:09 UTC,view,5600449,15.38,494923678,fb32dc91-0502-5451-82c3-b58b2eeb4da3
2023-01-01 00:24:34 UTC,view,5753400,2.68,588889105,8444b85e-fb06-46b7-be5c-b5f55b6e7e69
2023-01-01 00:24:45 UTC,view,15161,10.0,550415601,2b4f1189-f23b-4119-8a5a-b54209b0f617
2023-01-01 00:24:47 UTC,view,5723475,23.02,494923678,fb32dc91-0502-5451-82c3-b58b2eeb4da3
2023-01-01 00:25:21 UTC,cart,5723410,10.95,504269664,83b31b31-e728-47a9-a34f-093062cb49ea
2023-01-01 00:25:24 UTC,cart,5838655,7.94,504269664,83b31b31-e728-47a9-a34f-093062cb49ea
2023-01-01 00:25:25 UTC,view,5600451,14.6,494923678,fb32dc91-0502-5451-82c3-b58b2eeb4da3
2023-01-01 00:25:26 UTC,view,5696789,15.71,590548945,b333f737-7948-4a37-96b4-b610db11d9ff
2023-01-01 00:25:28 UTC,cart,5700094,10.95,504269664,83b31b31-e728-47a9-a34f-093062cb49ea
2023-01-01 00:25:31 UTC,view,5885845,5.08,549944163,7e193843-1a5a-47ff-aef0-144ddccb868e
2023-01-01 00:25:32 UTC,cart,5736427,15.48,504269664,83b31b31-e728-47a9-a34f-093062cb49ea
2023-01-01 00:25:32 UTC,view,5691951,2.62,595417980,a1f92e85-9260-4bd8-8692-45ccf2138079
2023-01-01 00:25:35 UTC,cart,5800919,15.71,504269664,83b31b31-e728-47a9-a34f-093062cb49ea
2023-01-01 00:25:41 UTC,cart,5700095,14.13,504269664,83b31b31-e728-47a9-a34f-093062cb49ea
2023-01-01 00:25:43 UTC,cart,5700075,10.95,504269664,83b31b31-e728-47a9-a34f-093062cb49ea
2023-01-01 00:25:43 UTC,view,5836156,4.76,519047481,e152ade3-c077-4041-813c-146db941e09a
2023-01-01 00:25:48 UTC,cart,5700079,16.51,504269664,83b31b31-e728-47a9-a34f-093062cb49ea
2023-01-01 00:25:50 UTC,cart,5819352,7.78,504269664,83b31b31-e728-47a9-a34f-093062cb49ea
2023-01-01 00:25:53 UTC,cart,5753870,7.78,504269664,83b31b31-e728-47a9-a34f-093062cb49ea
2023-01-01 00:25:53 UTC,view,5910904,4.76,304434900,9b53c471-d705-43fa-bc8b-1f97a33af550
2023-01-01 00:25:57 UTC,cart,5700077,15.71,504269664,83b31b31-e728-47a9-a34f-093062cb49ea
2023-01-01 00:26:04 UTC,cart,5700090,14.13,504269664,83b31b31-e728-47a9-a34f-093062cb49ea
2023-01-01 00:26:06 UTC,cart,5885845,5.08,549944163,7e193843-1a5a-47ff-aef0-144ddccb868e
2023-01-01 00:26:08 UTC,cart,5736429,15.48,504269664,83b31b31-e728-47a9-a34f-093062cb49ea
2023-01-01 00:26:09 UTC,cart,5885845,5.08,549944163,7e193843-1a5a-47ff-aef0-144ddccb868e
2023-01-01 00:26:11 UTC,cart,5838657,18.25,504269664,83b31b31-e728-47a9-a34f-093062cb49ea
2023-01-01 00:26:11 UTC,cart,5885845,5.08,549944163,7e193843-1a5a-47ff-aef0-144ddccb868e
2023-01-01 00:26:13 UTC,view,5748205,18.25,588889105,8444b85e-fb06-46b7-be5c-b5f55b6e7e69
2023-01-01 00:26:16 UTC,cart,5700084,18.73,504269664,83b31b31-e728-47a9-a34f-093062cb49ea
2023-01-01 00:26:21 UTC,view,5818361,1.03,535821133,9eee3edb-9240-432a-bab6-fb5e2ac60ff7
2023-01-01 00:26:23 UTC,remove_from_cart,5756761,6.35,549944163,7e193843-1a5a-47ff-aef0-144ddccb868e
2023-01-01 00:26:23 UTC,remove_from_cart,5756761,6.35,549944163,7e193843-1a5a-47ff-aef0-144ddccb868e
2023-01-01 00:26:24 UTC,cart,5838656,15.24,504269664,83b31b31-e728-47a9-a34f-093062cb49ea
2023-01-01 00:26:25 UTC,remove_from_cart,5866566,6.19,549944163,7e193843-1a5a-47ff-aef0-144ddccb868e
2023-01-01 00:26:25 UTC,remove_from_cart,5866566,6.19,549944163,7e193843-1a5a-47ff-aef0-144ddccb868e
2023-01-01 00:26:26 UTC,remove_from_cart,5754896,7.14,549944163,7e193843-1a5a-47ff-aef0-144ddccb868e
2023-01-01 00:26:26 UTC,remove_from_cart,5754896,7.14,549944163,7e193843-1a5a-47ff-aef0-144ddccb868e
2023-01-01 00:26:27 UTC,remove_from_cart,5755172,2.29,549944163,7e193843-1a5a-47ff-aef0-144ddccb868e
2023-01-01 00:26:28 UTC,remove_from_cart,5755172,2.29,549944163,7e193843-1a5a-47ff-aef0-144ddccb868e
2023-01-01 00:26:29 UTC,remove_from_cart,5755171,2.48,549944163,7e193843-1a5a-47ff-aef0-144ddccb868e
2023-01-01 00:26:29 UTC,remove_from_cart,5755171,2.48,549944163,7e193843-1a5a-47ff-aef0-144ddccb868e
2023-01-01 00:26:29 UTC,remove_from_cart,5754991,6.19,549944163,7e193843-1a5a-47ff-aef0-144ddccb868e
2023-01-01 00:26:30 UTC,remove_from_cart,5754991,6.19,549944163,7e193843-1a5a-47ff-aef0-144ddccb868e
2023-01-01 00:26:33 UTC,cart,5819353,15.48,504269664,83b31b31-e728-47a9-a34f-093062cb49ea
2023-01-01 00:26:50 UTC,view,5818392,1.59,526297113,c776ce3f-8b41-aa9d-cbb4-cc648340fbdf
2023-01-01 00:26:59 UTC,view,5711363,10.32,459083409,69461076-3918-46cc-a09b-4a797d752a8d
2023-01-01 00:27:03 UTC,view,5807805,4.44,595417979,2cb530e2-0c94-4e9b-a3df-c039beb8b069
2023-01-01 00:27:05 UTC,cart,5700083,15.71,504269664,83b31b31-e728-47a9-a34f-093062cb49ea
2023-01-01 00:27:10 UTC,cart,59977,7.14,535821133,9eee3edb-9240-432a-bab6-fb5e2ac60ff7
2023-01-01 00:27:13 UTC,view,5800918,28.57,504269664,83b31b31-e728-47a9-a34f-093062cb49ea
2023-01-01 00:27:13 UTC,view,5910901,4.76,304434900,dbcf1bd9-28b3-42b7-9e96-939a25744193
2023-01-01 00:27:16 UTC,view,5853567,3.97,502631750,6edb4c0e-285c-4fbc-8977-589ef6d326b8
2023-01-01 00:27:17 UTC,view,5910903,4.76,304434900,b17de480-2f36-407f-9b10-e667115a0bc0
2023-01-01 00:27:20 UTC,view,5769877,3.65,595418252,ba6d8c18-fe65-48ad-972e-af2e980a879a
2023-01-01 00:27:30 UTC,view,5852534,3.97,556286517,50d3d4af-00f8-4b86-a019-366ae4f5c557
2023-01-01 00:27:33 UTC,remove_from_cart,5700094,10.95,504269664,83b31b31-e728-47a9-a34f-093062cb49ea
2023-01-01 00:27:34 UTC,view,5786489,3.97,556286517,4d3d4894-bd22-497f-926f-c89c4fcc7f6d
2023-01-01 00:27:34 UTC,view,5799762,3.97,556286517,9e5b8faa-5039-47c9-9097-60cb948d7338
2023-01-01 00:27:38 UTC,remove_from_cart,5853631,15.06,504269664,83b31b31-e728-47a9-a34f-093062cb49ea
2023-01-01 00:27:38 UTC,remove_from_cart,5853631,15.06,504269664,83b31b31-e728-47a9-a34f-093062cb49ea
2023-01-01 00:27:41 UTC,remove_from_cart,5804294,14.13,504269664,83b31b31-e728-47a9-a34f-093062cb49ea
2023-01-01 00:27:41 UTC,remove_from_cart,5804294,14.13,504269664,83b31b31-e728-47a9-a34f-093062cb49ea
2023-01-01 00:27:45 UTC,view,16686,9.98,595418293,30cc7a41-3eb3-41f2-a06b-a7b727c8297e
2023-01-01 00:27:53 UTC,view,5650012,4.83,595418309,dfd88dc2-bf3b-45f4-9b13-810ba93df2a7
2023-01-01 00:27:58 UTC,remove_from_cart,5700095,14.13,504269664,83b31b31-e728-47a9-a34f-093062cb49ea
2023-01-01 00:27:58 UTC,remove_from_cart,5700095,14.13,504269664,83b31b31-e728-47a9-a34f-093062cb49ea
2023-01-01 00:28:01 UTC,remove_from_cart,5800919,15.71,504269664,83b31b31-e728-47a9-a34f-093062cb49ea
2023-01-01 00:28:01 UTC,remove_from_cart,5800919,15.71,504269664,83b31b31-e728-47a9-a34f-093062cb49ea
2023-01-01 00:28:01 UTC,view,5853550,3.97,502631750,6edb4c0e-285c-4fbc-8977-589ef6d326b8
2023-01-01 00:28:05 UTC,remove_from_cart,5700075,10.95,504269664,83b31b31-e728-47a9-a34f-093062cb49ea
2023-01-01 00:28:10 UTC,view,5910991,4.44,304434900,12e341ec-86b4-4f24-9c5e-2c30cb344121
2023-01-01 00:28:12 UTC,view,5875718,93.49,595418362,f6f11f53-f21e-4fdd-b286-0ad566b34579
2023-01-01 00:28:14 UTC,view,5910995,4.44,304434900,e0d2cd4f-6ae0-4f3b-ae51-495886c42eb3
2023-01-01 00:28:15 UTC,remove_from_cart,5700077,15.71,504269664,83b31b31-e728-47a9-a34f-093062cb49ea
2023-01-01 00:28:15 UTC,remove_from_cart,5700077,15.71,504269664,83b31b31-e728-47a9-a34f-093062cb49ea
2023-01-01 00:28:18 UTC,view,5885846,5.08,549944163,7e193843-1a5a-47ff-aef0-144ddccb868e
2023-01-01 00:28:20 UTC,remove_from_cart,5736429,15.48,504269664,83b31b31-e728-47a9-a34f-093062cb49ea
2023-01-01 00:28:20 UTC,remove_from_cart,5736429,15.48,504269664,83b31b31-e728-47a9-a34f-093062cb49ea
2023-01-01 00:28:27 UTC,remove_from_cart,5700084,18.73,504269664,83b31b31-e728-47a9-a34f-093062cb49ea
2023-01-01 00:28:27 UTC,remove_from_cart,5700084,18.73,504269664,83b31b31-e728-47a9-a34f-093062cb49ea
2023-01-01 00:28:32 UTC,view,5910989,4.44,304434900,2b952d1f-40e6-492a-96ea-56dd6a519ed0
2023-01-01 00:28:37 UTC,view,5726182,3.0,547936525,6d49544b-f5ee-4ed3-98eb-bd5697b40fa8
2023-01-01 00:28:39 UTC,remove_from_cart,5853630,11.1,504269664,83b31b31-e728-47a9-a34f-093062cb49ea
2023-01-01 00:28:39 UTC,remove_from_cart,5853630,11.1,504269664,83b31b31-e728-47a9-a34f-093062cb49ea
2023-01-01 00:28:40 UTC,remove_from_cart,5700083,15.71,504269664,83b31b31-e728-47a9-a34f-093062cb49ea
2023-01-01 00:28:42 UTC,view,5910987,3.17,304434900,4a0e1b93-f728-4410-ae90-c14c3369921f
2023-01-01 00:28:43 UTC,remove_from_cart,5838657,18.25,504269664,83b31b31-e728-47a9-a34f-093062cb49ea
2023-01-01 00:28:43 UTC,view,5885845,5.08,549944163,7e193843-1a5a-47ff-aef0-144ddccb868e
2023-01-01 00:28:47 UTC,view,5910986,3.17,304434900,26280af6-4a9d-4881-841b-da136027085a
2023-01-01 00:28:54 UTC,remove_from_cart,5819352,7.78,504269664,83b31b31-e728-47a9-a34f-093062cb49ea
2023-01-01 00:28:55 UTC,view,5736086,3.97,502631750,6edb4c0e-285c-4fbc-8977-589ef6d326b8
2023-01-01 00:28:56 UTC,view,5875719,61.75,595418362,f6f11f53-f21e-4fdd-b286-0ad566b34579
2023-01-01 00:28:57 UTC,view,5723410,10.95,504269664,83b31b31-e728-47a9-a34f-093062cb49ea
2023-01-01 00:29:06 UTC,view,5885844,5.08,549944163,7e193843-1a5a-47ff-aef0-144ddccb868e
2023-01-01 00:29:10 UTC,cart,5885844,5.08,549944163,7e193843-1a5a-47ff-aef0-144ddccb868e
2023-01-01 00:29:10 UTC,remove_from_cart,5885845,5.08,549944163,7e193843-1a5a-47ff-aef0-144ddccb868e
2023-01-01 00:29:13 UTC,cart,5885844,5.08,549944163,7e193843-1a5a-47ff-aef0-144ddccb868e
2023-01-01 00:29:13 UTC,remove_from_cart,5885845,5.08,549944163,7e193843-1a5a-47ff-aef0-144ddccb868e
2023-01-01 00:29:13 UTC,view,5875718,93.49,595418362,f6f11f53-f21e-4fdd-b286-0ad566b34579
2023-01-01 00:29:14 UTC,view,5828610,2.06,535821133,9eee3edb-9240-432a-bab6-fb5e2ac60ff7
2023-01-01 00:29:22 UTC,view,5734487,3.97,502631750,6edb4c0e-285c-4fbc-8977-589ef6d326b8
2023-01-01 00:29:26 UTC,view,5881427,16.19,595418482,47eb4a7f-28a6-4130-8acd-f7631b42cf96
2023-01-01 00:29:28 UTC,view,5902966,49.52,437895636,ffe15cfd-1dfc-465a-a22e-2fcebc17bd70
2023-01-01 00:29:29 UTC,view,5723410,10.95,504269664,83b31b31-e728-47a9-a34f-093062cb49ea
2023-01-01 00:29:30 UTC,view,5887002,7.94,573455420,2bf92988-a105-41a3-94bc-6b9887378cf3
2023-01-01 00:29:35 UTC,view,5816166,5.24,528226017,1778165e-eadd-43d4-b2f0-0f1647de8600
2023-01-01 00:29:50 UTC,cart,5910989,4.44,304434900,2b952d1f-40e6-492a-96ea-56dd6a519ed0
2023-01-01 00:29:50 UTC,view,5915299,7.41,590132123,9d6ed677-db8d-4f5f-addd-fe716669f1b7
2023-01-01 00:30:04 UTC,cart,5734487,3.97,502631750,6edb4c0e-285c-4fbc-8977-589ef6d326b8
2023-01-01 00:30:13 UTC,view,5662234,21.27,595418482,47eb4a7f-28a6-4130-8acd-f7631b42cf96
2023-01-01 00:30:29 UTC,view,27658,37.3,595418609,1fe4e674-0e1c-45f8-8c22-11748a9509bb
2023-01-01 00:30:39 UTC,view,5736181,3.97,502631750,6edb4c0e-285c-4fbc-8977-589ef6d326b8
2023-01-01 00:31:06 UTC,view,5405,23.65,595418609,1fe4e674-0e1c-45f8-8c22-11748a9509bb
2023-01-01 00:31:15 UTC,view,5769914,3.65,595187690,7bdd3509-3cc1-41c2-971c-947628fb3d1b
2023-01-01 00:31:35 UTC,view,5800916,26.98,504269664,32a5c608-4d22-475b-87d6-abb058930dbf
2023-01-01 00:31:52 UTC,view,5696341,2.62,486084590,561f047a-6d02-4d1c-b63d-d211e9f93d29
2023-01-01 00:31:53 UTC,view,5864598,4.13,588613494,ff4aa0f4-3c1f-4079-a919-fc189da4ab7b
2023-01-01 00:31:57 UTC,view,5723410,10.95,504269664,32a5c608-4d22-475b-87d6-abb058930dbf
2023-01-01 00:32:11 UTC,view,5754899,4.76,593454383,ad2c7430-5eaa-4409-882b-e5ba04ebd512
2023-01-01 00:32:18 UTC,view,5896435,3.97,502631750,6edb4c0e-285c-4fbc-8977-589ef6d326b8
2023-01-01 00:32:21 UTC,view,5838586,3.49,594461885,4135d8cf-92c8-405a-9ed4-3d2b45e46d95
2023-01-01 00:32:35 UTC,cart,5896435,3.97,502631750,6edb4c0e-285c-4fbc-8977-589ef6d326b8
2023-01-01 00:32:35 UTC,cart,5700094,10.95,504269664,32a5c608-4d22-475b-87d6-abb058930dbf
2023-01-01 00:32:37 UTC,view,5755445,11.1,595418767,3b9594e0-1096-4ac2-85e7-3d8ac827da18
2023-01-01 00:32:51 UTC,view,5818392,1.59,526297113,d8f810b2-06ca-492d-a670-e2b6fcf36a43
2023-01-01 00:32:51 UTC,view,5696228,82.54,461088109,0605b094-1911-4594-9440-d31cb209f9d3
2023-01-01 00:33:02 UTC,remove_from_cart,5819353,15.48,504269664,32a5c608-4d22-475b-87d6-abb058930dbf
2023-01-01 00:33:02 UTC,remove_from_cart,5819353,15.48,504269664,32a5c608-4d22-475b-87d6-abb058930dbf
2023-01-01 00:33:03 UTC,remove_from_cart,5838656,15.24,504269664,32a5c608-4d22-475b-87d6-abb058930dbf
2023-01-01 00:33:03 UTC,remove_from_cart,5838656,15.24,504269664,32a5c608-4d22-475b-87d6-abb058930dbf
2023-01-01 00:33:04 UTC,remove_from_cart,5700090,14.13,504269664,32a5c608-4d22-475b-87d6-abb058930dbf
2023-01-01 00:33:04 UTC,remove_from_cart,5700090,14.13,504269664,32a5c608-4d22-475b-87d6-abb058930dbf
2023-01-01 00:33:05 UTC,remove_from_cart,5753870,7.78,504269664,32a5c608-4d22-475b-87d6-abb058930dbf
2023-01-01 00:33:05 UTC,remove_from_cart,5753870,7.78,504269664,32a5c608-4d22-475b-87d6-abb058930dbf
2023-01-01 00:33:06 UTC,remove_from_cart,5700079,16.51,504269664,32a5c608-4d22-475b-87d6-abb058930dbf
2023-01-01 00:33:07 UTC,remove_from_cart,5700079,16.51,504269664,32a5c608-4d22-475b-87d6-abb058930dbf
2023-01-01 00:33:08 UTC,remove_from_cart,5736427,15.48,504269664,32a5c608-4d22-475b-87d6-abb058930dbf
2023-01-01 00:33:08 UTC,remove_from_cart,5736427,15.48,504269664,32a5c608-4d22-475b-87d6-abb058930dbf
2023-01-01 00:33:09 UTC,remove_from_cart,5838655,7.94,504269664,32a5c608-4d22-475b-87d6-abb058930dbf
2023-01-01 00:33:09 UTC,remove_from_cart,5838655,7.94,504269664,32a5c608-4d22-475b-87d6-abb058930dbf
2023-01-01 00:33:12 UTC,view,5723410,10.95,504269664,32a5c608-4d22-475b-87d6-abb058930dbf
2023-01-01 00:33:13 UTC,cart,5822650,19.05,595415690,5825336b-6e67-43f3-8ab4-7d6536da2df1
2023-01-01 00:33:20 UTC,cart,5528034,9.52,595415690,5825336b-6e67-43f3-8ab4-7d6536da2df1
2023-01-01 00:33:25 UTC,cart,5608703,9.52,595415690,5825336b-6e67-43f3-8ab4-7d6536da2df1
2023-01-01 00:33:27 UTC,cart,5608703,9.52,595415690,5825336b-6e67-43f3-8ab4-7d6536da2df1
2023-01-01 00:33:35 UTC,view,5676286,137.78,593856199,fa7ecf01-a34f-4d61-940e-c99363e67c8d
2023-01-01 00:33:35 UTC,view,5799891,19.03,595418767,3b9594e0-1096-4ac2-85e7-3d8ac827da18
2023-01-01 00:33:41 UTC,view,5645811,2.7,565737646,1f433666-99e0-441e-8941-f87e8bfaf8ed
2023-01-01 00:33:47 UTC,remove_from_cart,5822650,19.05,595415690,5825336b-6e67-43f3-8ab4-7d6536da2df1
2023-01-01 00:33:50 UTC,remove_from_cart,5608703,9.52,595415690,5825336b-6e67-43f3-8ab4-7d6536da2df1
2023-01-01 00:33:52 UTC,cart,5700095,14.13,504269664,32a5c608-4d22-475b-87d6-abb058930dbf
2023-01-01 00:33:54 UTC,view,5861748,14.29,575879023,4b928a81-a7c4-467f-81a1-c0314869155e
2023-01-01 00:34:01 UTC,view,5847872,7.94,504009511,3487c77d-fe79-4f39-a67b-e13c12e9f1e4
2023-01-01 00:34:05 UTC,cart,5838657,18.25,504269664,32a5c608-4d22-475b-87d6-abb058930dbf
2023-01-01 00:34:07 UTC,cart,5561040,3.0,470057589,3ed44c4b-a34f-40fe-8813-7dcad7578898
2023-01-01 00:34:14 UTC,cart,5700084,18.73,504269664,32a5c608-4d22-475b-87d6-abb058930dbf
2023-01-01 00:34:14 UTC,cart,5561044,3.0,470057589,3ed44c4b-a34f-40fe-8813-7dcad7578898
2023-01-01 00:34:15 UTC,view,5836066,2.95,588166646,e099adca-fec5-4aef-820f-6116836e322a
2023-01-01 00:34:21 UTC,cart,5549784,3.0,470057589,3ed44c4b-a34f-40fe-8813-7dcad7578898
2023-01-01 00:34:23 UTC,view,5769874,3.65,544080545,17210de6-a04c-47b7-bf1c-5f62e2e27aa3
2023-01-01 00:34:24 UTC,cart,5565086,3.0,470057589,3ed44c4b-a34f-40fe-8813-7dcad7578898
2023-01-01 00:34:28 UTC,cart,5561082,3.0,470057589,3ed44c4b-a34f-40fe-8813-7dcad7578898
2023-01-01 00:34:29 UTC,view,5677043,13.33,595419167,9a035871-f2d4-4f7a-87dc-20c6f7bee85c
2023-01-01 00:34:30 UTC,cart,5838658,14.29,504269664,32a5c608-4d22-475b-87d6-abb058930dbf
2023-01-01 00:34:31 UTC,cart,5561084,3.0,470057589,3ed44c4b-a34f-40fe-8813-7dcad7578898
2023-01-01 00:34:33 UTC,view,5799895,19.03,595418767,3b9594e0-1096-4ac2-85e7-3d8ac827da18
2023-01-01 00:34:34 UTC,view,5844362,4.67,595419175,8cf8c7e0-5c15-4e32-bb95-b593b95377bc
2023-01-01 00:34:35 UTC,view,5743974,1.98,595418733,f2bba423-600f-491d-92e8-975dc3a4b311
2023-01-01 00:34:39 UTC,cart,5700087,18.73,504269664,32a5c608-4d22-475b-87d6-abb058930dbf
2023-01-01 00:34:41 UTC,view,5843786,6.81,595419192,28b966bd-ac16-452c-aa9f-70287c9ffccc
2023-01-01 00:34:49 UTC,cart,5528035,9.52,595415690,5825336b-6e67-43f3-8ab4-7d6536da2df1
2023-01-01 00:34:49 UTC,cart,5700081,18.73,504269664,32a5c608-4d22-475b-87d6-abb058930dbf
2023-01-01 00:34:51 UTC,remove_from_cart,5608703,9.52,595415690,5825336b-6e67-43f3-8ab4-7d6536da2df1
2023-01-01 00:34:59 UTC,cart,5700086,7.78,504269664,32a5c608-4d22-475b-87d6-abb058930dbf
2023-01-01 00:35:02 UTC,view,5888521,7.14,595419232,27bbbc59-d079-4791-9b75-ed33f8ae0aae
2023-01-01 00:35:13 UTC,view,5565098,3.0,502631750,6edb4c0e-285c-4fbc-8977-589ef6d326b8
2023-01-01 00:35:22 UTC,cart,5567914,3.0,470057589,3ed44c4b-a34f-40fe-8813-7dcad7578898
2023-01-01 00:35:23 UTC,view,5799891,19.03,595418767,3b9594e0-1096-4ac2-85e7-3d8ac827da18
2023-01-01 00:35:25 UTC,view,5700081,18.73,504269664,32a5c608-4d22-475b-87d6-abb058930dbf
2023-01-01 00:35:31 UTC,cart,5567920,3.0,470057589,3ed44c4b-a34f-40fe-8813-7dcad7578898
2023-01-01 00:35:33 UTC,cart,5565098,3.0,502631750,6edb4c0e-285c-4fbc-8977-589ef6d326b8
2023-01-01 00:35:33 UTC,cart,5567922,3.0,470057589,3ed44c4b-a34f-40fe-8813-7dcad7578898
2023-01-01 00:35:39 UTC,view,5747406,6.33,459083409,69461076-3918-46cc-a09b-4a797d752a8d
2023-01-01 00:35:47 UTC,cart,5829345,0.79,535821133,9eee3edb-9240-432a-bab6-fb5e2ac60ff7
2023-01-01 00:35:50 UTC,cart,5567966,3.0,470057589,3ed44c4b-a34f-40fe-8813-7dcad7578898
2023-01-01 00:35:59 UTC,cart,5567968,3.0,470057589,3ed44c4b-a34f-40fe-8813-7dcad7578898
2023-01-01 00:36:01 UTC,view,5565040,3.0,502631750,6edb4c0e-285c-4fbc-8977-589ef6d326b8
2023-01-01 00:36:13 UTC,view,5739116,6.21,589095378,9a76912c-5f74-4290-b590-ba3e693d5c54
2023-01-01 00:36:16 UTC,view,5743974,1.98,595418733,f2bba423-600f-491d-92e8-975dc3a4b311
2023-01-01 00:36:17 UTC,remove_from_cart,5700087,18.73,504269664,32a5c608-4d22-475b-87d6-abb058930dbf
2023-01-01 00:36:17 UTC,remove_from_cart,5700087,18.73,504269664,32a5c608-4d22-475b-87d6-abb058930dbf
2023-01-01 00:36:21 UTC,view,5917178,0.0,595199161,b700b4c1-d4e7-437c-b20f-4a59b2ab818a
2023-01-01 00:36:22 UTC,remove_from_cart,5838658,14.29,504269664,32a5c608-4d22-475b-87d6-abb058930dbf
2023-01-01 00:36:22 UTC,remove_from_cart,5838658,14.29,504269664,32a5c608-4d22-475b-87d6-abb058930dbf
2023-01-01 00:36:29 UTC,view,5700084,18.73,504269664,32a5c608-4d22-475b-87d6-abb058930dbf
2023-01-01 00:36:42 UTC,cart,5565040,3.0,502631750,6edb4c0e-285c-4fbc-8977-589ef6d326b8
2023-01-01 00:36:52 UTC,remove_from_cart,5700084,18.73,504269664,32a5c608-4d22-475b-87d6-abb058930dbf
2023-01-01 00:36:52 UTC,remove_from_cart,5700084,18.73,504269664,32a5c608-4d22-475b-87d6-abb058930dbf
2023-01-01 00:36:56 UTC,view,5838657,18.25,504269664,32a5c608-4d22-475b-87d6-abb058930dbf
2023-01-01 00:36:58 UTC,view,5565054,3.0,502631750,6edb4c0e-285c-4fbc-8977-589ef6d326b8
2023-01-01 00:37:03 UTC,view,5769925,4.22,595419462,be281342-0826-44a4-8a4c-a0789512aa4d
2023-01-01 00:37:06 UTC,view,5809910,5.24,586064615,00cdd952-6a9d-4022-8026-9cb99b125bc9
2023-01-01 00:37:14 UTC,remove_from_cart,5838657,18.25,504269664,32a5c608-4d22-475b-87d6-abb058930dbf
2023-01-01 00:37:14 UTC,remove_from_cart,5838657,18.25,504269664,32a5c608-4d22-475b-87d6-abb058930dbf
2023-01-01 00:37:16 UTC,view,5635087,4.44,525051918,718b4e39-6937-4859-af06-8e8652b750bc
2023-01-01 00:37:20 UTC,remove_from_cart,5700095,14.13,504269664,32a5c608-4d22-475b-87d6-abb058930dbf
2023-01-01 00:37:20 UTC,remove_from_cart,5700095,14.13,504269664,32a5c608-4d22-475b-87d6-abb058930dbf
2023-01-01 00:37:25 UTC,view,5549784,3.0,502631750,6edb4c0e-285c-4fbc-8977-589ef6d326b8
2023-01-01 00:37:32 UTC,view,5843786,6.81,595419192,c8628384-7417-49d4-92aa-752b20018b84
2023-01-01 00:37:39 UTC,cart,5829300,0.79,535821133,9eee3edb-9240-432a-bab6-fb5e2ac60ff7
2023-01-01 00:37:39 UTC,view,5848309,42.7,595419531,8048c5ad-0cc7-4b6c-95c2-5c03c367af90
2023-01-01 00:37:54 UTC,cart,5807630,2.86,535821133,9eee3edb-9240-432a-bab6-fb5e2ac60ff7
2023-01-01 00:38:00 UTC,view,5877450,8.73,545749534,8d4c6548-0604-4c1f-a091-92cee51fffde
2023-01-01 00:38:12 UTC,remove_from_cart,5866142,4.52,544407319,b63c9097-6e50-b9bd-3193-9233b24982b7
2023-01-01 00:38:12 UTC,remove_from_cart,5866142,4.52,544407319,b63c9097-6e50-b9bd-3193-9233b24982b7
2023-01-01 00:38:26 UTC,cart,5800919,15.71,504269664,32a5c608-4d22-475b-87d6-abb058930dbf
2023-01-01 00:38:31 UTC,cart,5700095,14.13,504269664,32a5c608-4d22-475b-87d6-abb058930dbf
2023-01-01 00:38:32 UTC,view,5877450,8.73,545749534,8d4c6548-0604-4c1f-a091-92cee51fffde
2023-01-01 00:38:39 UTC,cart,5876937,3.41,588166646,e099adca-fec5-4aef-820f-6116836e322a
2023-01-01 00:38:41 UTC,cart,5838656,15.24,504269664,32a5c608-4d22-475b-87d6-abb058930dbf
2023-01-01 00:38:50 UTC,remove_from_cart,5895451,9.83,588166646,e099adca-fec5-4aef-820f-6116836e322a
2023-01-01 00:38:57 UTC,view,5876937,3.41,588166646,e099adca-fec5-4aef-820f-6116836e322a
2023-01-01 00:39:00 UTC,view,5768981,82.54,530095744,5f9a463e-c3d3-4879-8237-cc88f3225a6f
2023-01-01 00:39:07 UTC,view,5838656,15.24,504269664,32a5c608-4d22-475b-87d6-abb058930dbf
2023-01-01 00:39:09 UTC,view,5911727,4.92,535231780,41003e6b-d8c6-4f3f-802b-9642c555b8c0
2023-01-01 00:39:11 UTC,view,5565112,3.0,502631750,6edb4c0e-285c-4fbc-8977-589ef6d326b8
2023-01-01 00:39:14 UTC,view,5635090,4.44,525051918,718b4e39-6937-4859-af06-8e8652b750bc
2023-01-01 00:39:17 UTC,view,5700095,14.13,504269664,32a5c608-4d22-475b-87d6-abb058930dbf
2023-01-01 00:39:18 UTC,cart,5615144,4.76,470057589,3ed44c4b-a34f-40fe-8813-7dcad7578898
2023-01-01 00:39:18 UTC,view,5840317,7.14,535231780,4d5c90b2-936e-4427-850c-71b53406d936
2023-01-01 00:39:28 UTC,view,5910561,6.35,535231780,89dbafc6-5481-4cbc-8bc0-b31502126e9c
2023-01-01 00:39:41 UTC,view,5913120,8.73,595419760,94993076-68fa-44cd-8a72-f5b1af76c85c
2023-01-01 00:39:42 UTC,remove_from_cart,5876937,3.41,588166646,e099adca-fec5-4aef-820f-6116836e322a
2023-01-01 00:39:42 UTC,remove_from_cart,5876937,3.41,588166646,e099adca-fec5-4aef-820f-6116836e322a
2023-01-01 00:39:43 UTC,view,5838656,15.24,504269664,32a5c608-4d22-475b-87d6-abb058930dbf
2023-01-01 00:39:45 UTC,view,5876937,3.41,588166646,e099adca-fec5-4aef-820f-6116836e322a
2023-01-01 00:40:01 UTC,view,5883310,14.13,595419531,c086d074-1667-4cd4-80c3-4b8571aa93b6
2023-01-01 00:40:02 UTC,cart,5591314,4.29,470057589,3ed44c4b-a34f-40fe-8813-7dcad7578898
2023-01-01 00:40:06 UTC,view,5747405,6.33,525051918,718b4e39-6937-4859-af06-8e8652b750bc
2023-01-01 00:40:06 UTC,view,5119,5.71,595417607,4fb8483b-9d50-442b-8f86-0187c7c0c174
2023-01-01 00:40:10 UTC,view,5848538,5.32,588166646,e099adca-fec5-4aef-820f-6116836e322a
2023-01-01 00:40:14 UTC,view,5726182,3.0,502631750,6edb4c0e-285c-4fbc-8977-589ef6d326b8
2023-01-01 00:40:15 UTC,view,5848542,5.32,588166646,e099adca-fec5-4aef-820f-6116836e322a
2023-01-01 00:40:16 UTC,view,5550030,3.0,595419831,3c0a922a-4056-4e28-b4b9-b3e98e23f48b
2023-01-01 00:40:18 UTC,view,5912862,5.87,595419760,19c722ce-1f25-45f0-9ebb-18ac9c83d167
2023-01-01 00:40:23 UTC,view,5700095,14.13,504269664,32a5c608-4d22-475b-87d6-abb058930dbf
2023-01-01 00:40:37 UTC,view,5800919,15.71,504269664,32a5c608-4d22-475b-87d6-abb058930dbf
2023-01-01 00:40:42 UTC,cart,5549842,3.81,470057589,3ed44c4b-a34f-40fe-8813-7dcad7578898
2023-01-01 00:40:51 UTC,view,5797884,4.75,525051918,718b4e39-6937-4859-af06-8e8652b750bc
2023-01-01 00:40:57 UTC,cart,5847872,7.94,593880714,4b31adf6-d277-4632-adf7-df559eff03d9
2023-01-01 00:41:00 UTC,remove_from_cart,5800919,15.71,504269664,32a5c608-4d22-475b-87d6-abb058930dbf
2023-01-01 00:41:00 UTC,remove_from_cart,5800919,15.71,504269664,32a5c608-4d22-475b-87d6-abb058930dbf
2023-01-01 00:41:06 UTC,view,5913118,8.73,595419760,98e4fe96-34b1-4ada-9d78-34d8aa947631
2023-01-01 00:41:07 UTC,remove_from_cart,5814053,4.76,593880714,4b31adf6-d277-4632-adf7-df559eff03d9
2023-01-01 00:41:07 UTC,remove_from_cart,5859406,2.37,593880714,4b31adf6-d277-4632-adf7-df559eff03d9
2023-01-01 00:41:09 UTC,view,5723410,10.95,504269664,32a5c608-4d22-475b-87d6-abb058930dbf
2023-01-01 00:41:11 UTC,cart,5848542,5.32,588166646,e099adca-fec5-4aef-820f-6116836e322a
2023-01-01 00:41:21 UTC,remove_from_cart,5852999,3.97,593880714,4b31adf6-d277-4632-adf7-df559eff03d9
2023-01-01 00:41:21 UTC,view,5557810,5.56,525051918,718b4e39-6937-4859-af06-8e8652b750bc
2023-01-01 00:41:22 UTC,remove_from_cart,5852999,3.97,593880714,4b31adf6-d277-4632-adf7-df559eff03d9
2023-01-01 00:41:24 UTC,remove_from_cart,5859462,1.73,593880714,4b31adf6-d277-4632-adf7-df559eff03d9
2023-01-01 00:41:25 UTC,cart,5895451,9.83,588166646,e099adca-fec5-4aef-820f-6116836e322a
2023-01-01 00:41:26 UTC,view,5822387,3.0,502631750,6edb4c0e-285c-4fbc-8977-589ef6d326b8
2023-01-01 00:41:29 UTC,remove_from_cart,5848542,5.32,588166646,e099adca-fec5-4aef-820f-6116836e322a
2023-01-01 00:41:29 UTC,remove_from_cart,5848542,5.32,588166646,e099adca-fec5-4aef-820f-6116836e322a
2023-01-01 00:41:32 UTC,cart,5810672,10.32,588889105,e30ba8d1-42b3-4578-98e8-eb705f3ff562
2023-01-01 00:41:39 UTC,view,5696173,2.38,525051918,718b4e39-6937-4859-af06-8e8652b750bc
2023-01-01 00:41:44 UTC,cart,5585658,0.71,595419945,d462d23b-f6ec-483a-b3db-5461bb79471e
2023-01-01 00:41:49 UTC,cart,5753400,2.68,588889105,e30ba8d1-42b3-4578-98e8-eb705f3ff562
2023-01-01 00:41:52 UTC,cart,5753400,2.68,588889105,e30ba8d1-42b3-4578-98e8-eb705f3ff562
2023-01-01 00:41:52 UTC,view,5741025,5.24,525051918,718b4e39-6937-4859-af06-8e8652b750bc
2023-01-01 00:41:58 UTC,view,5875509,2.54,473732432,dd891a56-9f22-4139-b1c5-a8453b808298
2023-01-01 00:42:06 UTC,view,5758952,2.38,525051918,718b4e39-6937-4859-af06-8e8652b750bc
2023-01-01 00:42:10 UTC,view,5700094,10.95,504269664,32a5c608-4d22-475b-87d6-abb058930dbf
2023-01-01 00:42:15 UTC,view,5567950,3.0,595419831,e7e6a134-62b7-47e0-927d-99640e67cb12
2023-01-01 00:42:17 UTC,view,5854899,2.86,595420067,728cb326-37f5-4b08-a12f-b65f998a1fcc
2023-01-01 00:42:20 UTC,cart,5822387,3.0,502631750,6edb4c0e-285c-4fbc-8977-589ef6d326b8
2023-01-01 00:42:25 UTC,view,5649472,4.27,525051918,718b4e39-6937-4859-af06-8e8652b750bc
2023-01-01 00:42:28 UTC,view,5810671,14.13,595420101,b733c3b9-f86a-428e-94fa-1ade216c1dc3
2023-01-01 00:42:42 UTC,view,5776130,1.98,560785420,a9c1b82f-53d6-43a9-a5c7-7de68b4553ee
2023-01-01 00:42:44 UTC,view,5700081,18.73,504269664,32a5c608-4d22-475b-87d6-abb058930dbf
2023-01-01 00:43:01 UTC,view,5668428,5.56,525051918,718b4e39-6937-4859-af06-8e8652b750bc
2023-01-01 00:43:12 UTC,view,5668428,5.56,525051918,718b4e39-6937-4859-af06-8e8652b750bc
2023-01-01 00:43:18 UTC,view,5549784,3.0,502631750,6edb4c0e-285c-4fbc-8977-589ef6d326b8
2023-01-01 00:43:19 UTC,view,5700086,7.78,504269664,32a5c608-4d22-475b-87d6-abb058930dbf
2023-01-01 00:43:22 UTC,view,5764713,30.32,552080012,0d3abff9-082f-4c1e-bd2d-b4d100d7cf66
2023-01-01 00:43:27 UTC,view,5649271,12.22,564986775,4127f157-966f-400b-9d1a-a3ff7fdc850b
2023-01-01 00:43:32 UTC,remove_from_cart,5700094,10.95,504269664,32a5c608-4d22-475b-87d6-abb058930dbf
2023-01-01 00:43:38 UTC,cart,5891356,4.29,544407319,b63c9097-6e50-b9bd-3193-9233b24982b7
2023-01-01 00:43:39 UTC,view,5700093,12.54,590248441,64df23ca-a02c-4be4-86ff-a76bc9ccc78c
2023-01-01 00:43:41 UTC,view,5692321,5.54,525051918,718b4e39-6937-4859-af06-8e8652b750bc
2023-01-01 00:43:44 UTC,view,4938,1.43,397780878,c0cd2d25-f176-4ea3-b0fe-1d8ad7c45526
2023-01-01 00:43:51 UTC,view,5822265,3.0,502631750,6edb4c0e-285c-4fbc-8977-589ef6d326b8
2023-01-01 00:43:59 UTC,view,5861278,19.63,479972548,fc2d231c-abe6-4eab-8d0c-eac944843c5b
2023-01-01 00:44:13 UTC,view,5705015,1.27,572713567,203e268f-1f92-47dd-9496-c019bd9e943b
2023-01-01 00:44:22 UTC,cart,5856191,24.44,530095744,5f9a463e-c3d3-4879-8237-cc88f3225a6f
2023-01-01 00:44:22 UTC,cart,5700094,10.95,504269664,32a5c608-4d22-475b-87d6-abb058930dbf
2023-01-01 00:44:23 UTC,cart,5794155,1.73,595419945,d462d23b-f6ec-483a-b3db-5461bb79471e
2023-01-01 00:44:25 UTC,view,5900878,5.56,507767693,6c65c094-7ac6-4e7d-ba49-1ec16e090389
2023-01-01 00:44:28 UTC,cart,5797973,1.73,595419945,d462d23b-f6ec-483a-b3db-5461bb79471e
2023-01-01 00:44:37 UTC,remove_from_cart,5813059,1.73,530095744,5f9a463e-c3d3-4879-8237-cc88f3225a6f
2023-01-01 00:44:37 UTC,remove_from_cart,5813059,1.73,530095744,5f9a463e-c3d3-4879-8237-cc88f3225a6f
2023-01-01 00:44:39 UTC,remove_from_cart,5742957,3.81,530095744,5f9a463e-c3d3-4879-8237-cc88f3225a6f
2023-01-01 00:44:39 UTC,remove_from_cart,5742957,3.81,530095744,5f9a463e-c3d3-4879-8237-cc88f3225a6f
2023-01-01 00:44:40 UTC,remove_from_cart,5804466,3.97,530095744,5f9a463e-c3d3-4879-8237-cc88f3225a6f
2023-01-01 00:44:40 UTC,remove_from_cart,5804466,3.97,530095744,5f9a463e-c3d3-4879-8237-cc88f3225a6f
2023-01-01 00:44:41 UTC,remove_from_cart,5758522,1.73,530095744,5f9a463e-c3d3-4879-8237-cc88f3225a6f
2023-01-01 00:44:43 UTC,remove_from_cart,5830558,1.73,530095744,5f9a463e-c3d3-4879-8237-cc88f3225a6f
2023-01-01 00:44:43 UTC,remove_from_cart,5830558,1.73,530095744,5f9a463e-c3d3-4879-8237-cc88f3225a6f
2023-01-01 00:44:55 UTC,cart,5700090,14.13,504269664,32a5c608-4d22-475b-87d6-abb058930dbf
2023-01-01 00:45:00 UTC,view,5728072,29.29,151065371,e5995740-8528-4b7f-acc8-a90c619ae326
2023-01-01 00:45:20 UTC,view,5887001,2.06,595420103,0c3984a9-d9bc-496b-b2c8-8cf4687c83e1
2023-01-01 00:45:23 UTC,view,5816166,5.24,528226017,1778165e-eadd-43d4-b2f0-0f1647de8600
2023-01-01 00:45:28 UTC,cart,5700088,10.95,504269664,32a5c608-4d22-475b-87d6-abb058930dbf
2023-01-01 00:45:29 UTC,cart,8098,1.11,530095744,5f9a463e-c3d3-4879-8237-cc88f3225a6f
2023-01-01 00:45:31 UTC,cart,8098,1.11,530095744,5f9a463e-c3d3-4879-8237-cc88f3225a6f
2023-01-01 00:45:34 UTC,cart,8098,1.11,530095744,5f9a463e-c3d3-4879-8237-cc88f3225a6f
2023-01-01 00:45:35 UTC,remove_from_cart,5700081,18.73,504269664,32a5c608-4d22-475b-87d6-abb058930dbf
2023-01-01 00:45:38 UTC,cart,5891378,2.94,544407319,b63c9097-6e50-b9bd-3193-9233b24982b7
2023-01-01 00:45:53 UTC,view,5700095,14.13,504269664,32a5c608-4d22-475b-87d6-abb058930dbf
2023-01-01 00:45:59 UTC,view,4185,19.37,287758725,b276b96f-724f-4081-b56b-e8bc5e32e0c8
2023-01-01 00:46:01 UTC,remove_from_cart,5565086,3.0,470057589,3ed44c4b-a34f-40fe-8813-7dcad7578898
2023-01-01 00:46:01 UTC,remove_from_cart,5565086,3.0,470057589,3ed44c4b-a34f-40fe-8813-7dcad7578898
2023-01-01 00:46:02 UTC,remove_from_cart,5561082,3.0,470057589,3ed44c4b-a34f-40fe-8813-7dcad7578898
2023-01-01 00:46:02 UTC,remove_from_cart,5561082,3.0,470057589,3ed44c4b-a34f-40fe-8813-7dcad7578898
2023-01-01 00:46:02 UTC,remove_from_cart,5561084,3.0,470057589,3ed44c4b-a34f-40fe-8813-7dcad7578898
2023-01-01 00:46:03 UTC,remove_from_cart,5549784,3.0,470057589,3ed44c4b-a34f-40fe-8813-7dcad7578898
2023-01-01 00:46:03 UTC,remove_from_cart,5561084,3.0,470057589,3ed44c4b-a34f-40fe-8813-7dcad7578898
2023-01-01 00:46:04 UTC,remove_from_cart,5567914,3.0,470057589,3ed44c4b-a34f-40fe-8813-7dcad7578898
2023-01-01 00:46:05 UTC,remove_from_cart,5567920,3.0,470057589,3ed44c4b-a34f-40fe-8813-7dcad7578898
2023-01-01 00:46:05 UTC,remove_from_cart,5561044,3.0,470057589,3ed44c4b-a34f-40fe-8813-7dcad7578898
2023-01-01 00:46:05 UTC,view,5899845,4.02,408035411,667b69e5-27c4-4651-92fe-b955df17d915
2023-01-01 00:46:05 UTC,view,5700095,14.13,504269664,32a5c608-4d22-475b-87d6-abb058930dbf
2023-01-01 00:46:08 UTC,remove_from_cart,5567922,3.0,470057589,3ed44c4b-a34f-40fe-8813-7dcad7578898
2023-01-01 00:46:08 UTC,remove_from_cart,5567922,3.0,470057589,3ed44c4b-a34f-40fe-8813-7dcad7578898
2023-01-01 00:46:09 UTC,remove_from_cart,5567966,3.0,470057589,3ed44c4b-a34f-40fe-8813-7dcad7578898
2023-01-01 00:46:12 UTC,remove_from_cart,5561040,3.0,470057589,3ed44c4b-a34f-40fe-8813-7dcad7578898
2023-01-01 00:46:13 UTC,remove_from_cart,5567968,3.0,470057589,3ed44c4b-a34f-40fe-8813-7dcad7578898
2023-01-01 00:46:14 UTC,remove_from_cart,5615144,4.76,470057589,3ed44c4b-a34f-40fe-8813-7dcad7578898
2023-01-01 00:46:15 UTC,remove_from_cart,5615144,4.76,470057589,3ed44c4b-a34f-40fe-8813-7dcad7578898
2023-01-01 00:46:15 UTC,remove_from_cart,5591314,4.29,470057589,3ed44c4b-a34f-40fe-8813-7dcad7578898
2023-01-01 00:46:16 UTC,remove_from_cart,5549842,3.81,470057589,3ed44c4b-a34f-40fe-8813-7dcad7578898
2023-01-01 00:46:16 UTC,view,5838656,15.24,504269664,32a5c608-4d22-475b-87d6-abb058930dbf
2023-01-01 00:46:22 UTC,view,5561082,3.0,595419831,79ee6df0-e39c-4340-82c8-90888e4b9cf5
2023-01-01 00:46:23 UTC,cart,5767921,2.05,595419945,d462d23b-f6ec-483a-b3db-5461bb79471e
2023-01-01 00:46:26 UTC,view,38483,64.29,530095744,5f9a463e-c3d3-4879-8237-cc88f3225a6f
2023-01-01 00:46:27 UTC,view,5875719,61.75,573236225,2ab9121c-cf13-43ee-a139-92913c9fece9
2023-01-01 00:46:52 UTC,view,5841298,82.54,530095744,5f9a463e-c3d3-4879-8237-cc88f3225a6f
2023-01-01 00:46:53 UTC,cart,5780295,10.37,564731970,2f6f12e5-a877-4f4e-ad6f-d08f6f4c94cb
2023-01-01 00:46:58 UTC,view,5700095,14.13,504269664,32a5c608-4d22-475b-87d6-abb058930dbf
2023-01-01 00:47:00 UTC,view,5875717,61.75,573236225,2ab9121c-cf13-43ee-a139-92913c9fece9
2023-01-01 00:47:09 UTC,view,5838656,15.24,504269664,32a5c608-4d22-475b-87d6-abb058930dbf
2023-01-01 00:47:10 UTC,view,5788710,3.97,408035411,667b69e5-27c4-4651-92fe-b955df17d915
2023-01-01 00:47:12 UTC,view,5728072,29.29,151065371,e5995740-8528-4b7f-acc8-a90c619ae326
2023-01-01 00:47:21 UTC,remove_from_cart,5700086,7.78,504269664,32a5c608-4d22-475b-87d6-abb058930dbf
2023-01-01 00:47:26 UTC,view,5550030,3.0,595419831,e3185796-f151-4498-9ce6-43833047979c
2023-01-01 00:47:42 UTC,cart,5768981,82.54,530095744,5f9a463e-c3d3-4879-8237-cc88f3225a6f
2023-01-01 00:47:45 UTC,view,5700095,14.13,504269664,32a5c608-4d22-475b-87d6-abb058930dbf
2023-01-01 00:47:53 UTC,view,5838656,15.24,504269664,32a5c608-4d22-475b-87d6-abb058930dbf
2023-01-01 00:47:53 UTC,view,5814177,2.37,564731970,2f6f12e5-a877-4f4e-ad6f-d08f6f4c94cb
2023-01-01 00:47:57 UTC,view,5875296,7.22,499695012,681f1c7e-3394-497b-9c54-ea3f13f92e7e
2023-01-01 00:48:03 UTC,view,5842655,14.51,595351517,4ceb1e27-416e-4a3c-972a-03eb373d67b2
2023-01-01 00:48:04 UTC,view,5700094,10.95,504269664,32a5c608-4d22-475b-87d6-abb058930dbf
2023-01-01 00:48:09 UTC,cart,5723529,2.94,564731970,2f6f12e5-a877-4f4e-ad6f-d08f6f4c94cb
2023-01-01 00:48:19 UTC,view,5646693,16.51,512212198,a34ae46d-d608-4670-84d2-906a7b89169d
2023-01-01 00:48:20 UTC,cart,5842655,14.51,595351517,4ceb1e27-416e-4a3c-972a-03eb373d67b2
2023-01-01 00:48:29 UTC,remove_from_cart,5780295,10.37,564731970,2f6f12e5-a877-4f4e-ad6f-d08f6f4c94cb
2023-01-01 00:48:54 UTC,cart,5587784,0.63,530095744,5f9a463e-c3d3-4879-8237-cc88f3225a6f
2023-01-01 00:48:56 UTC,cart,5780295,10.37,564731970,2f6f12e5-a877-4f4e-ad6f-d08f6f4c94cb
2023-01-01 00:49:00 UTC,view,5896179,4.76,576157930,e93e8a62-762c-f2a2-90cd-1a71b7cad44d
2023-01-01 00:49:14 UTC,view,5587766,2.54,595420835,3f16a195-2db7-4c0a-b485-731d83d7e3e3
2023-01-01 00:49:21 UTC,view,8193,6.35,595378350,e77794f2-c976-95b2-a5cb-42ad98a6f6b0
2023-01-01 00:49:29 UTC,cart,4185,19.37,287758725,b276b96f-724f-4081-b56b-e8bc5e32e0c8
2023-01-01 00:49:30 UTC,view,5884259,1.59,574853925,5b500f71-41f8-4dfb-b237-a6b723bcb549
2023-01-01 00:49:37 UTC,cart,5556134,11.75,595420930,6ffbad62-f60b-45e0-b92b-a89d189d297f
2023-01-01 00:49:39 UTC,remove_from_cart,5797973,1.73,595419945,d462d23b-f6ec-483a-b3db-5461bb79471e
2023-01-01 00:49:40 UTC,remove_from_cart,5794155,1.73,595419945,d462d23b-f6ec-483a-b3db-5461bb79471e
2023-01-01 00:49:41 UTC,remove_from_cart,5585658,0.71,595419945,d462d23b-f6ec-483a-b3db-5461bb79471e
2023-01-01 00:49:45 UTC,view,4185,19.37,287758725,b276b96f-724f-4081-b56b-e8bc5e32e0c8
2023-01-01 00:49:45 UTC,view,5884259,1.59,574853925,5b500f71-41f8-4dfb-b237-a6b723bcb549
2023-01-01 00:49:48 UTC,view,5884259,1.59,574853925,5b500f71-41f8-4dfb-b237-a6b723bcb549
2023-01-01 00:49:51 UTC,view,5857007,3.17,310843802,e3d3613c-44b4-4a60-8781-d94ad09a1a2a
2023-01-01 00:50:01 UTC,view,5854340,2.37,546603165,af604b67-0c91-4a56-95a0-03487a0b23d2
2023-01-01 00:50:02 UTC,cart,5556134,11.75,595420930,6ffbad62-f60b-45e0-b92b-a89d189d297f
2023-01-01 00:50:03 UTC,view,5687151,1.9,310843802,e3d3613c-44b4-4a60-8781-d94ad09a1a2a
2023-01-01 00:50:05 UTC,cart,5815657,0.67,595419945,d462d23b-f6ec-483a-b3db-5461bb79471e
2023-01-01 00:50:08 UTC,view,5820754,2.22,595420103,0c3984a9-d9bc-496b-b2c8-8cf4687c83e1
2023-01-01 00:50:14 UTC,cart,5815662,0.92,595419945,d462d23b-f6ec-483a-b3db-5461bb79471e
2023-01-01 00:50:29 UTC,cart,5723225,0.48,310843802,e3d3613c-44b4-4a60-8781-d94ad09a1a2a
2023-01-01 00:50:34 UTC,cart,34768,1.35,595419945,d462d23b-f6ec-483a-b3db-5461bb79471e
2023-01-01 00:50:38 UTC,cart,5683960,3.0,595408843,38c8af12-22ea-4953-b281-3aa9c2fc0fe1
2023-01-01 00:50:42 UTC,view,5884033,4.06,595411870,83a47c09-5763-4dc1-a526-25fbd3f6bf8f
2023-01-01 00:50:44 UTC,cart,5870021,6.03,595421183,c1a3a6b8-33f2-4f39-bf98-554faf618a27
2023-01-01 00:50:52 UTC,view,5717139,4.6,595408843,38c8af12-22ea-4953-b281-3aa9c2fc0fe1
2023-01-01 00:50:55 UTC,view,5658568,9.52,568390050,39848277-f4d9-49cf-bb83-4870c603294c
2023-01-01 00:50:59 UTC,view,5652771,13.49,507767693,76db44b3-7ac0-4fa6-ad68-5dcdafe9052a
2023-01-01 00:51:08 UTC,view,5769877,3.65,595421299,570fa9f4-519e-404d-bbf3-ca0f4ff619fe
2023-01-01 00:51:14 UTC,cart,5844303,1.57,595419945,d462d23b-f6ec-483a-b3db-5461bb79471e
2023-01-01 00:51:38 UTC,purchase,5842655,14.51,595351517,4ceb1e27-416e-4a3c-972a-03eb373d67b2
2023-01-01 00:52:00 UTC,purchase,4185,19.37,287758725,b276b96f-724f-4081-b56b-e8bc5e32e0c8
2023-01-01 00:52:03 UTC,view,5745719,33.65,595420835,3f16a195-2db7-4c0a-b485-731d83d7e3e3
2023-01-01 00:52:11 UTC,purchase,5700088,10.95,504269664,32a5c608-4d22-475b-87d6-abb058930dbf
2023-01-01 00:52:11 UTC,purchase,5838656,15.24,504269664,32a5c608-4d22-475b-87d6-abb058930dbf
2023-01-01 00:52:11 UTC,purchase,5723410,10.95,504269664,32a5c608-4d22-475b-87d6-abb058930dbf
2023-01-01 00:52:11 UTC,purchase,5700095,14.13,504269664,32a5c608-4d22-475b-87d6-abb058930dbf
2023-01-01 00:52:11 UTC,purchase,5700094,10.95,504269664,32a5c608-4d22-475b-87d6-abb058930dbf
2023-01-01 00:52:11 UTC,purchase,5700090,14.13,504269664,32a5c608-4d22-475b-87d6-abb058930dbf
2023-01-01 00:52:29 UTC,view,6938,2.14,595421466,0e5bd9e4-7f5f-4e7e-92ad-f6ec3f0cd261
2023-01-01 00:52:33 UTC,view,5884033,4.06,595411870,f281ad91-ea64-4916-8b14-b3c37635fb67
2023-01-01 00:52:34 UTC,view,5556134,11.75,595421483,26bea9a9-b0cc-4504-8c37-9f87772aee85
2023-01-01 00:52:41 UTC,cart,5852597,7.14,461054973,f03184a1-9ad9-450b-9b55-7a561ec5c9ae
2023-01-01 00:52:45 UTC,cart,5838585,1.87,564731970,2f6f12e5-a877-4f4e-ad6f-d08f6f4c94cb
2023-01-01 00:53:01 UTC,cart,5836338,4.13,564731970,2f6f12e5-a877-4f4e-ad6f-d08f6f4c94cb
2023-01-01 00:53:08 UTC,view,5869137,19.05,510943484,ae9b9c96-9a2a-4927-a64b-8f5e81b951cc
2023-01-01 00:53:13 UTC,remove_from_cart,5836338,4.13,564731970,2f6f12e5-a877-4f4e-ad6f-d08f6f4c94cb
2023-01-01 00:53:13 UTC,remove_from_cart,5836338,4.13,564731970,2f6f12e5-a877-4f4e-ad6f-d08f6f4c94cb
2023-01-01 00:53:16 UTC,remove_from_cart,5723529,2.94,564731970,2f6f12e5-a877-4f4e-ad6f-d08f6f4c94cb
2023-01-01 00:53:35 UTC,remove_from_cart,5869137,19.05,510943484,ae9b9c96-9a2a-4927-a64b-8f5e81b951cc
2023-01-01 00:53:35 UTC,remove_from_cart,5869137,19.05,510943484,ae9b9c96-9a2a-4927-a64b-8f5e81b951cc
2023-01-01 00:53:36 UTC,remove_from_cart,5855332,4.68,510943484,ae9b9c96-9a2a-4927-a64b-8f5e81b951cc
2023-01-01 00:53:37 UTC,view,5843836,0.38,425921167,61824813-318d-4e58-8d66-62bd7e87c2e5
2023-01-01 00:53:42 UTC,view,5745719,33.65,595420835,3f16a195-2db7-4c0a-b485-731d83d7e3e3
2023-01-01 00:53:49 UTC,remove_from_cart,5869153,5.71,336065468,8c3a4b60-b488-4848-9e9f-8c7ee751e0c0
2023-01-01 00:53:50 UTC,remove_from_cart,5869153,5.71,336065468,8c3a4b60-b488-4848-9e9f-8c7ee751e0c0
2023-01-01 00:53:53 UTC,remove_from_cart,5825543,9.52,336065468,8c3a4b60-b488-4848-9e9f-8c7ee751e0c0
2023-01-01 00:53:53 UTC,remove_from_cart,5825543,9.52,336065468,8c3a4b60-b488-4848-9e9f-8c7ee751e0c0
2023-01-01 00:54:13 UTC,remove_from_cart,5774341,6.75,336065468,8c3a4b60-b488-4848-9e9f-8c7ee751e0c0
2023-01-01 00:54:13 UTC,remove_from_cart,5774341,6.75,336065468,8c3a4b60-b488-4848-9e9f-8c7ee751e0c0
2023-01-01 00:54:14 UTC,view,5770040,2.81,595421703,bb463787-1125-4a01-9b52-88684e59153a
2023-01-01 00:54:18 UTC,view,5698874,1.59,530095744,5f9a463e-c3d3-4879-8237-cc88f3225a6f
2023-01-01 00:54:42 UTC,cart,5723529,2.94,564731970,2f6f12e5-a877-4f4e-ad6f-d08f6f4c94cb
2023-01-01 00:54:46 UTC,cart,5878148,6.35,510943484,ae9b9c96-9a2a-4927-a64b-8f5e81b951cc
2023-01-01 00:55:36 UTC,view,5751383,10.32,595421864,cf27178b-8094-4b64-89cb-15539a7a8b6b
2023-01-01 00:55:53 UTC,view,5730207,10.63,595421864,6b327031-4586-4b24-a828-a9503a2a9993
2023-01-01 00:55:54 UTC,view,5651977,31.73,151065371,e5995740-8528-4b7f-acc8-a90c619ae326
2023-01-01 00:55:55 UTC,view,5618233,4.29,502631750,6edb4c0e-285c-4fbc-8977-589ef6d326b8
2023-01-01 00:55:59 UTC,view,5853436,2.97,564731970,2f6f12e5-a877-4f4e-ad6f-d08f6f4c94cb
2023-01-01 00:56:08 UTC,cart,5853436,2.97,564731970,2f6f12e5-a877-4f4e-ad6f-d08f6f4c94cb
2023-01-01 00:56:09 UTC,cart,5588610,3.33,530095744,5f9a463e-c3d3-4879-8237-cc88f3225a6f
2023-01-01 00:56:19 UTC,view,5909984,62.73,595421954,329fe93f-1182-4969-8c69-1358472376ec
2023-01-01 00:56:20 UTC,cart,5855332,4.68,510943484,ae9b9c96-9a2a-4927-a64b-8f5e81b951cc
2023-01-01 00:56:21 UTC,view,5618222,4.29,502631750,6edb4c0e-285c-4fbc-8977-589ef6d326b8
2023-01-01 00:56:21 UTC,view,5896421,28.41,587436846,bbd45f68-2f19-4c3e-bc93-2f811c775295
2023-01-01 00:56:27 UTC,cart,5855332,4.68,510943484,ae9b9c96-9a2a-4927-a64b-8f5e81b951cc
2023-01-01 00:56:32 UTC,remove_from_cart,5878148,6.35,510943484,ae9b9c96-9a2a-4927-a64b-8f5e81b951cc
2023-01-01 00:56:33 UTC,view,5831585,26.51,589341152,d250e21e-602a-42bb-9bdd-3403c1f913bc
2023-01-01 00:57:05 UTC,view,5866135,103.17,595421954,058aa50b-6c50-44d0-af95-476f1c429d7a
2023-01-01 00:57:25 UTC,view,5869135,19.05,595345044,be541734-6f0c-447f-8482-8df8bc821784
2023-01-01 00:57:41 UTC,view,5896429,40.48,587436846,bbd45f68-2f19-4c3e-bc93-2f811c775295
2023-01-01 00:57:44 UTC,view,5649236,8.65,595421792,8f0dfc21-1c32-4a4a-a8b5-9001e4948da0
2023-01-01 00:57:46 UTC,view,5816166,5.24,595421792,8f0dfc21-1c32-4a4a-a8b5-9001e4948da0
2023-01-01 00:57:46 UTC,view,5816166,5.24,595421792,8f0dfc21-1c32-4a4a-a8b5-9001e4948da0
2023-01-01 00:57:53 UTC,view,5853436,2.97,564731970,2f6f12e5-a877-4f4e-ad6f-d08f6f4c94cb
2023-01-01 00:58:00 UTC,view,5774072,3.16,577119154,07833fad-6dbe-40bd-a2ac-65c894e43d2b
2023-01-01 00:58:07 UTC,cart,5852598,12.22,461054973,f03184a1-9ad9-450b-9b55-7a561ec5c9ae
2023-01-01 00:58:13 UTC,view,5836159,4.76,595422051,9749aa6c-d1d1-4636-b572-aabdd8b0593b
2023-01-01 00:58:16 UTC,view,5729012,10.0,543049050,df4bf4a0-580f-4821-a69a-047a248f468d
2023-01-01 00:58:30 UTC,purchase,59003,7.46,336065468,8c3a4b60-b488-4848-9e9f-8c7ee751e0c0
2023-01-01 00:58:30 UTC,purchase,59002,7.46,336065468,8c3a4b60-b488-4848-9e9f-8c7ee751e0c0
2023-01-01 00:58:30 UTC,purchase,5869135,19.05,336065468,8c3a4b60-b488-4848-9e9f-8c7ee751e0c0
2023-01-01 00:58:30 UTC,purchase,5827374,4.48,336065468,8c3a4b60-b488-4848-9e9f-8c7ee751e0c0
2023-01-01 00:58:30 UTC,purchase,5827006,3.24,336065468,8c3a4b60-b488-4848-9e9f-8c7ee751e0c0
2023-01-01 00:58:30 UTC,purchase,5813830,3.79,336065468,8c3a4b60-b488-4848-9e9f-8c7ee751e0c0
2023-01-01 00:58:30 UTC,purchase,5802546,9.52,336065468,8c3a4b60-b488-4848-9e9f-8c7ee751e0c0
2023-01-01 00:58:30 UTC,purchase,5798928,6.19,336065468,8c3a4b60-b488-4848-9e9f-8c7ee751e0c0
2023-01-01 00:58:30 UTC,purchase,5798927,6.19,336065468,8c3a4b60-b488-4848-9e9f-8c7ee751e0c0
2023-01-01 00:58:30 UTC,purchase,5774342,11.27,336065468,8c3a4b60-b488-4848-9e9f-8c7ee751e0c0
2023-01-01 00:58:30 UTC,purchase,5753055,0.38,336065468,8c3a4b60-b488-4848-9e9f-8c7ee751e0c0
2023-01-01 00:58:30 UTC,purchase,5726648,0.79,336065468,8c3a4b60-b488-4848-9e9f-8c7ee751e0c0
2023-01-01 00:58:30 UTC,purchase,5700842,1.43,336065468,8c3a4b60-b488-4848-9e9f-8c7ee751e0c0
2023-01-01 00:58:30 UTC,purchase,5700049,0.4,336065468,8c3a4b60-b488-4848-9e9f-8c7ee751e0c0
2023-01-01 00:58:30 UTC,purchase,5700046,0.4,336065468,8c3a4b60-b488-4848-9e9f-8c7ee751e0c0
2023-01-01 00:58:30 UTC,purchase,4497,3.11,336065468,8c3a4b60-b488-4848-9e9f-8c7ee751e0c0
2023-01-01 00:58:32 UTC,view,5896422,34.13,587436846,bbd45f68-2f19-4c3e-bc93-2f811c775295
2023-01-01 00:58:38 UTC,view,5683960,3.0,595408843,38c8af12-22ea-4953-b281-3aa9c2fc0fe1
2023-01-01 00:59:14 UTC,view,5896414,36.51,587436846,bbd45f68-2f19-4c3e-bc93-2f811c775295
2023-01-01 00:59:36 UTC,view,5913648,20.37,587303129,c530b226-c8b2-48f3-9616-e4ced23bc1f2
2023-01-01 00:59:42 UTC,view,5900462,0.33,494234143,80eabd08-5111-420d-9e01-f6f959a6e4dc
2023-01-01 01:00:23 UTC,view,5742415,34.9,587436846,bbd45f68-2f19-4c3e-bc93-2f811c775295
2023-01-01 01:00:33 UTC,cart,19162,11.27,463957190,23ff4d35-32f9-4b3f-b529-293bad9ef8ee
2023-01-01 01:01:05 UTC,view,5824810,0.79,595422091,d6c020f4-72fa-4f59-8131-60f1ca545170
2023-01-01 01:01:09 UTC,view,5801199,0.79,595422239,77a91a51-74a9-4d6d-a15b-6f42c28abf47
2023-01-01 01:01:10 UTC,view,5836842,31.59,542283869,fce8c9b6-97d5-4c0f-a1a8-6a1e501009a4
2023-01-01 01:01:20 UTC,view,5597234,10.0,463957190,23ff4d35-32f9-4b3f-b529-293bad9ef8ee
2023-01-01 01:01:22 UTC,view,6938,2.14,595422091,d6c020f4-72fa-4f59-8131-60f1ca545170
2023-01-01 01:01:43 UTC,view,5648596,4.27,459117441,9ea2e135-cbcc-4c79-897b-cd1db49b27c7
2023-01-01 01:02:03 UTC,view,15161,10.0,463957190,23ff4d35-32f9-4b3f-b529-293bad9ef8ee
2023-01-01 01:02:03 UTC,view,5896177,4.76,459117441,9ea2e135-cbcc-4c79-897b-cd1db49b27c7
2023-01-01 01:02:21 UTC,view,5834496,0.7,590111931,a9b35e09-6e0d-41c7-be37-1c5808cbe5bb
2023-01-01 01:02:26 UTC,cart,15161,10.0,463957190,23ff4d35-32f9-4b3f-b529-293bad9ef8ee
2023-01-01 01:02:27 UTC,remove_from_cart,5873427,6.03,499695012,c2462d24-a768-4610-8b24-92f7ae8103db
2023-01-01 01:02:27 UTC,remove_from_cart,5873427,6.03,499695012,c2462d24-a768-4610-8b24-92f7ae8103db
2023-01-01 01:02:31 UTC,view,5649236,8.65,542469446,89165db2-44a4-4513-a65f-d8a5fffbb18b
2023-01-01 01:02:34 UTC,cart,5896177,4.76,459117441,9ea2e135-cbcc-4c79-897b-cd1db49b27c7
2023-01-01 01:02:34 UTC,view,5840033,2.38,583791445,a057a723-1644-458b-a5a3-1d1ec5411f2d
2023-01-01 01:02:42 UTC,view,5801436,10.0,463957190,23ff4d35-32f9-4b3f-b529-293bad9ef8ee
2023-01-01 01:02:52 UTC,view,5751422,10.95,544501861,5085edd2-85c6-42fd-91ce-fc5e3fb257f5
2023-01-01 01:02:57 UTC,cart,5802428,0.44,530095744,5f9a463e-c3d3-4879-8237-cc88f3225a6f
2023-01-01 01:02:59 UTC,cart,5896176,4.76,459117441,9ea2e135-cbcc-4c79-897b-cd1db49b27c7
2023-01-01 01:03:00 UTC,cart,5802428,0.44,530095744,5f9a463e-c3d3-4879-8237-cc88f3225a6f
2023-01-01 01:03:02 UTC,cart,5802428,0.44,530095744,5f9a463e-c3d3-4879-8237-cc88f3225a6f
2023-01-01 01:03:05 UTC,cart,5896723,0.63,530095744,5f9a463e-c3d3-4879-8237-cc88f3225a6f
2023-01-01 01:03:07 UTC,cart,5896723,0.63,530095744,5f9a463e-c3d3-4879-8237-cc88f3225a6f
2023-01-01 01:03:10 UTC,cart,5896723,0.63,530095744,5f9a463e-c3d3-4879-8237-cc88f3225a6f
2023-01-01 01:03:11 UTC,cart,5801436,10.0,463957190,23ff4d35-32f9-4b3f-b529-293bad9ef8ee
2023-01-01 01:03:15 UTC,view,5866135,103.17,542469446,89165db2-44a4-4513-a65f-d8a5fffbb18b
2023-01-01 01:03:22 UTC,view,5915012,78.51,595422657,15ca8d7f-84d5-441a-a232-7c5fff342a1f
2023-01-01 01:03:25 UTC,view,5896186,35.27,587436846,bbd45f68-2f19-4c3e-bc93-2f811c775295
2023-01-01 01:03:30 UTC,cart,5896175,4.76,459117441,9ea2e135-cbcc-4c79-897b-cd1db49b27c7
2023-01-01 01:03:32 UTC,view,5706479,11.35,544501861,5085edd2-85c6-42fd-91ce-fc5e3fb257f5
2023-01-01 01:03:37 UTC,view,5597234,10.0,463957190,23ff4d35-32f9-4b3f-b529-293bad9ef8ee
2023-01-01 01:03:54 UTC,view,5652771,13.49,544501861,5085edd2-85c6-42fd-91ce-fc5e3fb257f5
2023-01-01 01:04:05 UTC,remove_from_cart,5838585,1.87,564731970,de054bfd-d1fd-401b-a592-b82937676e64
2023-01-01 01:04:11 UTC,view,5805199,10.0,463957190,23ff4d35-32f9-4b3f-b529-293bad9ef8ee
2023-01-01 01:04:14 UTC,view,5742415,34.9,587436846,bbd45f68-2f19-4c3e-bc93-2f811c775295
2023-01-01 01:04:32 UTC,cart,5835338,3.17,530095744,5f9a463e-c3d3-4879-8237-cc88f3225a6f
2023-01-01 01:04:35 UTC,cart,5835337,3.17,530095744,5f9a463e-c3d3-4879-8237-cc88f3225a6f
2023-01-01 01:04:51 UTC,view,15186,10.0,463957190,23ff4d35-32f9-4b3f-b529-293bad9ef8ee
2023-01-01 01:05:04 UTC,view,15186,10.0,463957190,23ff4d35-32f9-4b3f-b529-293bad9ef8ee
2023-01-01 01:05:16 UTC,view,5870297,3.57,594894944,b989b9ca-a661-4bf3-8082-cf93c4c1d38d
2023-01-01 01:05:36 UTC,cart,5896181,28.41,591285591,15025c3e-9f77-4d2e-864f-554f5e25f5f4
2023-01-01 01:05:38 UTC,view,15164,10.0,463957190,23ff4d35-32f9-4b3f-b529-293bad9ef8ee
2023-01-01 01:05:40 UTC,view,5764713,30.32,595422422,f0b121e5-20cc-45af-bf4a-b10be67aa906
2023-01-01 01:05:44 UTC,remove_from_cart,5911262,30.16,591285591,15025c3e-9f77-4d2e-864f-554f5e25f5f4
2023-01-01 01:05:44 UTC,remove_from_cart,5911262,30.16,591285591,15025c3e-9f77-4d2e-864f-554f5e25f5f4
2023-01-01 01:05:46 UTC,view,5890938,5.56,530095744,5f9a463e-c3d3-4879-8237-cc88f3225a6f
2023-01-01 01:05:52 UTC,remove_from_cart,5774880,1.73,542469446,89165db2-44a4-4513-a65f-d8a5fffbb18b
2023-01-01 01:05:53 UTC,remove_from_cart,5813068,1.73,542469446,89165db2-44a4-4513-a65f-d8a5fffbb18b
2023-01-01 01:05:53 UTC,remove_from_cart,5813068,1.73,542469446,89165db2-44a4-4513-a65f-d8a5fffbb18b
2023-01-01 01:05:54 UTC,remove_from_cart,5859478,1.73,542469446,89165db2-44a4-4513-a65f-d8a5fffbb18b
2023-01-01 01:05:56 UTC,remove_from_cart,5875508,2.3,542469446,89165db2-44a4-4513-a65f-d8a5fffbb18b
2023-01-01 01:05:57 UTC,remove_from_cart,5828209,1.27,542469446,89165db2-44a4-4513-a65f-d8a5fffbb18b
2023-01-01 01:05:57 UTC,remove_from_cart,5828209,1.27,542469446,89165db2-44a4-4513-a65f-d8a5fffbb18b
2023-01-01 01:05:59 UTC,remove_from_cart,5824810,0.79,542469446,89165db2-44a4-4513-a65f-d8a5fffbb18b
2023-01-01 01:06:00 UTC,cart,5022,4.84,530095744,5f9a463e-c3d3-4879-8237-cc88f3225a6f
2023-01-01 01:06:00 UTC,remove_from_cart,4476,0.62,542469446,89165db2-44a4-4513-a65f-d8a5fffbb18b
2023-01-01 01:06:00 UTC,remove_from_cart,4476,0.62,542469446,89165db2-44a4-4513-a65f-d8a5fffbb18b
2023-01-01 01:06:02 UTC,remove_from_cart,72447,1.75,542469446,89165db2-44a4-4513-a65f-d8a5fffbb18b
2023-01-01 01:06:02 UTC,remove_from_cart,72447,1.75,542469446,89165db2-44a4-4513-a65f-d8a5fffbb18b
2023-01-01 01:06:03 UTC,remove_from_cart,5784898,1.78,542469446,89165db2-44a4-4513-a65f-d8a5fffbb18b
2023-01-01 01:06:04 UTC,remove_from_cart,5827354,2.78,542469446,89165db2-44a4-4513-a65f-d8a5fffbb18b
2023-01-01 01:06:05 UTC,remove_from_cart,5714116,1.11,542469446,89165db2-44a4-4513-a65f-d8a5fffbb18b
2023-01-01 01:06:07 UTC,remove_from_cart,5802428,0.44,530095744,5f9a463e-c3d3-4879-8237-cc88f3225a6f
2023-01-01 01:06:08 UTC,remove_from_cart,5802428,0.44,530095744,5f9a463e-c3d3-4879-8237-cc88f3225a6f
2023-01-01 01:06:08 UTC,view,5652774,13.49,544501861,5085edd2-85c6-42fd-91ce-fc5e3fb257f5
2023-01-01 01:06:09 UTC,remove_from_cart,5726653,6.19,591285591,15025c3e-9f77-4d2e-864f-554f5e25f5f4
2023-01-01 01:06:09 UTC,remove_from_cart,5726653,6.19,591285591,15025c3e-9f77-4d2e-864f-554f5e25f5f4
2023-01-01 01:06:25 UTC,view,5896414,36.51,587436846,bbd45f68-2f19-4c3e-bc93-2f811c775295
2023-01-01 01:06:59 UTC,view,5742412,33.32,587436846,bbd45f68-2f19-4c3e-bc93-2f811c775295
2023-01-01 01:07:17 UTC,view,5700037,0.4,583618045,774a4ddc-5376-432b-b531-8d039e40df0d
2023-01-01 01:07:38 UTC,view,5801437,10.0,463957190,23ff4d35-32f9-4b3f-b529-293bad9ef8ee
2023-01-01 01:07:56 UTC,view,5888096,138.1,595423158,427777ed-41fa-45dd-ba49-29138bc8c5c9
2023-01-01 01:08:04 UTC,cart,5802649,5.56,459117441,9ea2e135-cbcc-4c79-897b-cd1db49b27c7
2023-01-01 01:08:04 UTC,view,5853322,20.65,595423164,de73e5ce-1aab-415d-9d30-8d6265ae677e
2023-01-01 01:08:08 UTC,view,5896422,34.13,587436846,bbd45f68-2f19-4c3e-bc93-2f811c775295
2023-01-01 01:08:11 UTC,view,15183,10.0,463957190,23ff4d35-32f9-4b3f-b529-293bad9ef8ee
2023-01-01 01:08:12 UTC,cart,5826655,1.75,530095744,5f9a463e-c3d3-4879-8237-cc88f3225a6f
2023-01-01 01:08:17 UTC,view,5728072,29.29,595423186,ed10211b-16b2-4d98-ae7b-23fafb14ee60
2023-01-01 01:08:20 UTC,view,5692259,7.3,593071526,d0f5cb94-75ce-4024-ba3a-7e9271d21f3f
2023-01-01 01:08:30 UTC,view,5663269,10.0,463957190,23ff4d35-32f9-4b3f-b529-293bad9ef8ee
2023-01-01 01:08:32 UTC,view,5822387,3.0,502631750,6edb4c0e-285c-4fbc-8977-589ef6d326b8
2023-01-01 01:08:40 UTC,cart,6499,2.22,530095744,5f9a463e-c3d3-4879-8237-cc88f3225a6f
2023-01-01 01:08:42 UTC,view,5550006,3.0,544501861,5085edd2-85c6-42fd-91ce-fc5e3fb257f5
2023-01-01 01:08:43 UTC,cart,6495,2.78,530095744,5f9a463e-c3d3-4879-8237-cc88f3225a6f
2023-01-01 01:08:55 UTC,view,5649105,4.27,459117441,9ea2e135-cbcc-4c79-897b-cd1db49b27c7
2023-01-01 01:09:07 UTC,view,5565040,3.0,502631750,6edb4c0e-285c-4fbc-8977-589ef6d326b8
2023-01-01 01:09:13 UTC,view,5823907,1.59,551035894,33e436ef-0570-4954-8155-09104e1f2b78
2023-01-01 01:09:22 UTC,view,5864651,4.76,459117441,9ea2e135-cbcc-4c79-897b-cd1db49b27c7
2023-01-01 01:09:23 UTC,view,5550052,3.0,544501861,5085edd2-85c6-42fd-91ce-fc5e3fb257f5
2023-01-01 01:09:27 UTC,cart,5687135,0.48,530095744,5f9a463e-c3d3-4879-8237-cc88f3225a6f
2023-01-01 01:09:33 UTC,view,5822387,3.0,502631750,6edb4c0e-285c-4fbc-8977-589ef6d326b8
2023-01-01 01:09:45 UTC,cart,5759382,4.44,591285591,15025c3e-9f77-4d2e-864f-554f5e25f5f4
2023-01-01 01:09:56 UTC,view,5713054,61.11,595423371,c410db08-5a80-42fd-9636-914ccae0ed53
2023-01-01 01:09:59 UTC,remove_from_cart,5658569,9.52,591285591,15025c3e-9f77-4d2e-864f-554f5e25f5f4
2023-01-01 01:09:59 UTC,remove_from_cart,5658569,9.52,591285591,15025c3e-9f77-4d2e-864f-554f5e25f5f4
2023-01-01 01:10:04 UTC,remove_from_cart,4938,1.43,591285591,15025c3e-9f77-4d2e-864f-554f5e25f5f4
2023-01-01 01:10:04 UTC,remove_from_cart,4938,1.43,591285591,15025c3e-9f77-4d2e-864f-554f5e25f5f4
2023-01-01 01:10:05 UTC,view,5614838,10.0,463957190,23ff4d35-32f9-4b3f-b529-293bad9ef8ee
2023-01-01 01:10:06 UTC,view,5877484,11.11,544501861,5085edd2-85c6-42fd-91ce-fc5e3fb257f5
2023-01-01 01:10:09 UTC,remove_from_cart,5775528,4.44,591285591,15025c3e-9f77-4d2e-864f-554f5e25f5f4
2023-01-01 01:10:09 UTC,remove_from_cart,5775528,4.44,591285591,15025c3e-9f77-4d2e-864f-554f5e25f5f4
2023-01-01 01:10:10 UTC,remove_from_cart,5861327,0.73,591285591,15025c3e-9f77-4d2e-864f-554f5e25f5f4
2023-01-01 01:10:10 UTC,remove_from_cart,5861327,0.73,591285591,15025c3e-9f77-4d2e-864f-554f5e25f5f4
2023-01-01 01:10:12 UTC,remove_from_cart,5802427,0.79,591285591,15025c3e-9f77-4d2e-864f-554f5e25f5f4
2023-01-01 01:10:12 UTC,remove_from_cart,5802427,0.79,591285591,15025c3e-9f77-4d2e-864f-554f5e25f5f4
2023-01-01 01:10:18 UTC,remove_from_cart,5896181,28.41,591285591,15025c3e-9f77-4d2e-864f-554f5e25f5f4
2023-01-01 01:10:18 UTC,remove_from_cart,5896181,28.41,591285591,15025c3e-9f77-4d2e-864f-554f5e25f5f4
2023-01-01 01:10:27 UTC,view,5896176,4.76,459117441,9ea2e135-cbcc-4c79-897b-cd1db49b27c7
2023-01-01 01:10:27 UTC,view,5896185,28.41,587436846,bbd45f68-2f19-4c3e-bc93-2f811c775295
2023-01-01 01:10:44 UTC,view,5769989,10.0,463957190,23ff4d35-32f9-4b3f-b529-293bad9ef8ee
2023-01-01 01:10:46 UTC,remove_from_cart,5802649,5.56,459117441,9ea2e135-cbcc-4c79-897b-cd1db49b27c7
2023-01-01 01:10:46 UTC,remove_from_cart,5802649,5.56,459117441,9ea2e135-cbcc-4c79-897b-cd1db49b27c7
2023-01-01 01:10:47 UTC,view,5854281,10.73,595423463,de016c68-0502-4645-a7fe-b505be2b9d2f
2023-01-01 01:10:50 UTC,remove_from_cart,5896175,4.76,459117441,9ea2e135-cbcc-4c79-897b-cd1db49b27c7
2023-01-01 01:10:50 UTC,remove_from_cart,5896175,4.76,459117441,9ea2e135-cbcc-4c79-897b-cd1db49b27c7
2023-01-01 01:10:56 UTC,remove_from_cart,5896177,4.76,459117441,9ea2e135-cbcc-4c79-897b-cd1db49b27c7
2023-01-01 01:10:56 UTC,remove_from_cart,5896177,4.76,459117441,9ea2e135-cbcc-4c79-897b-cd1db49b27c7
2023-01-01 01:11:02 UTC,cart,5687130,0.79,591285591,15025c3e-9f77-4d2e-864f-554f5e25f5f4
2023-01-01 01:11:07 UTC,cart,5669020,3.02,591285591,15025c3e-9f77-4d2e-864f-554f5e25f5f4
2023-01-01 01:11:12 UTC,remove_from_cart,5787580,2.78,459117441,9ea2e135-cbcc-4c79-897b-cd1db49b27c7
2023-01-01 01:11:12 UTC,remove_from_cart,5787580,2.78,459117441,9ea2e135-cbcc-4c79-897b-cd1db49b27c7
2023-01-01 01:11:24 UTC,cart,5726653,6.19,591285591,15025c3e-9f77-4d2e-864f-554f5e25f5f4
2023-01-01 01:11:33 UTC,cart,5841722,1.37,530095744,5f9a463e-c3d3-4879-8237-cc88f3225a6f
2023-01-01 01:11:35 UTC,cart,5841723,1.37,530095744,5f9a463e-c3d3-4879-8237-cc88f3225a6f
2023-01-01 01:11:41 UTC,cart,5841718,1.37,530095744,5f9a463e-c3d3-4879-8237-cc88f3225a6f
2023-01-01 01:11:48 UTC,view,5861604,2.65,595423329,e8cbb864-2176-496d-a996-6e9998fc6f03
2023-01-01 01:11:49 UTC,view,5801311,6.35,386491215,9ec38a7d-3583-4a52-b156-4a9e6f811027
2023-01-01 01:11:49 UTC,view,5687325,10.0,463957190,23ff4d35-32f9-4b3f-b529-293bad9ef8ee
2023-01-01 01:11:56 UTC,cart,5861327,0.73,591285591,15025c3e-9f77-4d2e-864f-554f5e25f5f4
2023-01-01 01:11:59 UTC,view,5847870,1.9,459117441,9ea2e135-cbcc-4c79-897b-cd1db49b27c7
2023-01-01 01:12:02 UTC,cart,5687135,0.48,530095744,5f9a463e-c3d3-4879-8237-cc88f3225a6f
2023-01-01 01:12:04 UTC,cart,5801311,6.35,386491215,9ec38a7d-3583-4a52-b156-4a9e6f811027
2023-01-01 01:12:04 UTC,view,59742,10.0,463957190,23ff4d35-32f9-4b3f-b529-293bad9ef8ee
2023-01-01 01:12:12 UTC,view,5751383,10.32,459117441,9ea2e135-cbcc-4c79-897b-cd1db49b27c7
2023-01-01 01:12:12 UTC,view,5841292,4.29,591285591,15025c3e-9f77-4d2e-864f-554f5e25f5f4
2023-01-01 01:12:20 UTC,cart,5836316,1.43,530095744,5f9a463e-c3d3-4879-8237-cc88f3225a6f
2023-01-01 01:12:23 UTC,view,5742415,34.9,587436846,bbd45f68-2f19-4c3e-bc93-2f811c775295
2023-01-01 01:12:25 UTC,view,5878149,7.14,459117441,9ea2e135-cbcc-4c79-897b-cd1db49b27c7
2023-01-01 01:12:27 UTC,view,5893983,39.05,595413309,c26f83de-c0ef-4070-9e58-368f21b9dc54
2023-01-01 01:12:30 UTC,view,5861600,2.98,595423329,e8cbb864-2176-496d-a996-6e9998fc6f03
2023-01-01 01:12:30 UTC,view,5906909,6.27,595423655,09762cd6-add2-4e50-a1f7-87ab5c9b9eca
2023-01-01 01:12:42 UTC,cart,5693528,5.56,386491215,9ec38a7d-3583-4a52-b156-4a9e6f811027
2023-01-01 01:12:49 UTC,view,5869151,7.94,459117441,9ea2e135-cbcc-4c79-897b-cd1db49b27c7
2023-01-01 01:12:51 UTC,cart,5742415,34.9,587436846,bbd45f68-2f19-4c3e-bc93-2f811c775295
2023-01-01 01:12:53 UTC,cart,5839048,5.56,386491215,9ec38a7d-3583-4a52-b156-4a9e6f811027
2023-01-01 01:12:53 UTC,view,5777417,3.65,594368614,71e2c8bf-41fd-4480-90be-1b20667afbc2
2023-01-01 01:12:53 UTC,view,5769877,3.65,595423687,3a16589f-c9b4-478e-bc78-b120fa4e5e76
2023-01-01 01:12:55 UTC,cart,5742415,34.9,587436846,bbd45f68-2f19-4c3e-bc93-2f811c775295
2023-01-01 01:12:59 UTC,view,5869152,7.94,459117441,9ea2e135-cbcc-4c79-897b-cd1db49b27c7
2023-01-01 01:13:02 UTC,view,5839048,5.56,386491215,9ec38a7d-3583-4a52-b156-4a9e6f811027
2023-01-01 01:13:04 UTC,view,5567930,3.0,502631750,6edb4c0e-285c-4fbc-8977-589ef6d326b8
2023-01-01 01:13:11 UTC,remove_from_cart,5800788,4.52,587436846,bbd45f68-2f19-4c3e-bc93-2f811c775295
2023-01-01 01:13:11 UTC,view,5812620,10.0,463957190,23ff4d35-32f9-4b3f-b529-293bad9ef8ee
2023-01-01 01:13:19 UTC,view,5809910,5.24,560260977,4dd90c2d-6a5e-47f3-b48d-66f086e308d4
2023-01-01 01:13:27 UTC,view,5742415,34.9,587436846,bbd45f68-2f19-4c3e-bc93-2f811c775295
2023-01-01 01:13:34 UTC,view,5832416,0.95,595423762,f7a08b10-43d2-43db-8b08-dcdea7c0fbb4
2023-01-01 01:13:48 UTC,cart,5742415,34.9,587436846,bbd45f68-2f19-4c3e-bc93-2f811c775295
2023-01-01 01:13:58 UTC,cart,5861314,3.16,530095744,5f9a463e-c3d3-4879-8237-cc88f3225a6f
2023-01-01 01:13:58 UTC,view,5794053,5.56,386491215,9ec38a7d-3583-4a52-b156-4a9e6f811027
2023-01-01 01:13:59 UTC,cart,5832416,0.95,595423762,f7a08b10-43d2-43db-8b08-dcdea7c0fbb4
2023-01-01 01:13:59 UTC,remove_from_cart,5875794,2.05,587436846,bbd45f68-2f19-4c3e-bc93-2f811c775295
2023-01-01 01:14:01 UTC,remove_from_cart,5896429,40.48,587436846,bbd45f68-2f19-4c3e-bc93-2f811c775295
2023-01-01 01:14:01 UTC,view,5865522,10.0,463957190,23ff4d35-32f9-4b3f-b529-293bad9ef8ee
2023-01-01 01:14:02 UTC,remove_from_cart,5896429,40.48,587436846,bbd45f68-2f19-4c3e-bc93-2f811c775295
2023-01-01 01:14:03 UTC,remove_from_cart,6817,5.24,587436846,bbd45f68-2f19-4c3e-bc93-2f811c775295
2023-01-01 01:14:04 UTC,remove_from_cart,5687151,1.9,587436846,bbd45f68-2f19-4c3e-bc93-2f811c775295
2023-01-01 01:14:04 UTC,remove_from_cart,5687151,1.9,587436846,bbd45f68-2f19-4c3e-bc93-2f811c775295
2023-01-01 01:14:04 UTC,view,5850389,9.21,595423815,d28d331b-d6da-4fa3-b0ba-6267fa59efab
2023-01-01 01:14:05 UTC,remove_from_cart,5415,4.68,587436846,bbd45f68-2f19-4c3e-bc93-2f811c775295
2023-01-01 01:14:05 UTC,remove_from_cart,5415,4.68,587436846,bbd45f68-2f19-4c3e-bc93-2f811c775295
2023-01-01 01:14:06 UTC,remove_from_cart,5853713,2.06,587436846,bbd45f68-2f19-4c3e-bc93-2f811c775295
2023-01-01 01:14:06 UTC,remove_from_cart,5853713,2.06,587436846,bbd45f68-2f19-4c3e-bc93-2f811c775295
2023-01-01 01:14:07 UTC,remove_from_cart,5700037,0.4,587436846,bbd45f68-2f19-4c3e-bc93-2f811c775295
2023-01-01 01:14:07 UTC,remove_from_cart,5700037,0.4,587436846,bbd45f68-2f19-4c3e-bc93-2f811c775295
2023-01-01 01:14:08 UTC,cart,5832416,0.95,595423762,f7a08b10-43d2-43db-8b08-dcdea7c0fbb4
2023-01-01 01:14:08 UTC,remove_from_cart,5854890,0.32,587436846,bbd45f68-2f19-4c3e-bc93-2f811c775295
2023-01-01 01:14:08 UTC,remove_from_cart,5854890,0.32,587436846,bbd45f68-2f19-4c3e-bc93-2f811c775295
2023-01-01 01:14:08 UTC,view,5832214,7.14,573476535,3ed360e7-b716-4ebd-9e6a-91f5d2636e9f
2023-01-01 01:14:09 UTC,remove_from_cart,5524,5.24,587436846,bbd45f68-2f19-4c3e-bc93-2f811c775295
2023-01-01 01:14:09 UTC,remove_from_cart,5524,5.24,587436846,bbd45f68-2f19-4c3e-bc93-2f811c775295
2023-01-01 01:14:10 UTC,remove_from_cart,5875511,2.54,587436846,bbd45f68-2f19-4c3e-bc93-2f811c775295
2023-01-01 01:14:10 UTC,remove_from_cart,5875511,2.54,587436846,bbd45f68-2f19-4c3e-bc93-2f811c775295
2023-01-01 01:14:11 UTC,remove_from_cart,5875513,2.54,587436846,bbd45f68-2f19-4c3e-bc93-2f811c775295
2023-01-01 01:14:13 UTC,view,5847872,7.94,459117441,9ea2e135-cbcc-4c79-897b-cd1db49b27c7
2023-01-01 01:14:15 UTC,view,5649236,8.65,595423842,3213a168-56ec-4aeb-ad4a-fec35cb2c71e
2023-01-01 01:14:16 UTC,remove_from_cart,5875509,2.54,587436846,bbd45f68-2f19-4c3e-bc93-2f811c775295
2023-01-01 01:14:16 UTC,remove_from_cart,5875509,2.54,587436846,bbd45f68-2f19-4c3e-bc93-2f811c775295
2023-01-01 01:14:16 UTC,view,5729012,10.0,543049050,a912c15e-4620-4f22-a510-6342870c82c9
2023-01-01 01:14:17 UTC,remove_from_cart,5875758,2.05,587436846,bbd45f68-2f19-4c3e-bc93-2f811c775295
2023-01-01 01:14:17 UTC,remove_from_cart,5875758,2.05,587436846,bbd45f68-2f19-4c3e-bc93-2f811c775295
2023-01-01 01:14:18 UTC,remove_from_cart,5875512,2.54,587436846,bbd45f68-2f19-4c3e-bc93-2f811c775295
2023-01-01 01:14:18 UTC,remove_from_cart,5875512,2.54,587436846,bbd45f68-2f19-4c3e-bc93-2f811c775295
2023-01-01 01:14:19 UTC,remove_from_cart,5881768,2.05,587436846,bbd45f68-2f19-4c3e-bc93-2f811c775295
2023-01-01 01:14:19 UTC,remove_from_cart,5881768,2.05,587436846,bbd45f68-2f19-4c3e-bc93-2f811c775295
2023-01-01 01:14:20 UTC,remove_from_cart,5875393,2.05,587436846,bbd45f68-2f19-4c3e-bc93-2f811c775295
2023-01-01 01:14:20 UTC,remove_from_cart,5875393,2.05,587436846,bbd45f68-2f19-4c3e-bc93-2f811c775295
2023-01-01 01:14:21 UTC,remove_from_cart,5832416,0.95,595423762,f7a08b10-43d2-43db-8b08-dcdea7c0fbb4
2023-01-01 01:14:21 UTC,remove_from_cart,5875353,2.05,587436846,bbd45f68-2f19-4c3e-bc93-2f811c775295
2023-01-01 01:14:21 UTC,remove_from_cart,5875353,2.05,587436846,bbd45f68-2f19-4c3e-bc93-2f811c775295
2023-01-01 01:14:23 UTC,remove_from_cart,5875424,2.05,587436846,bbd45f68-2f19-4c3e-bc93-2f811c775295
2023-01-01 01:14:23 UTC,remove_from_cart,5875424,2.05,587436846,bbd45f68-2f19-4c3e-bc93-2f811c775295
2023-01-01 01:14:24 UTC,remove_from_cart,5875549,2.05,587436846,bbd45f68-2f19-4c3e-bc93-2f811c775295
2023-01-01 01:14:25 UTC,remove_from_cart,5875406,2.05,587436846,bbd45f68-2f19-4c3e-bc93-2f811c775295
2023-01-01 01:14:25 UTC,remove_from_cart,5875406,2.05,587436846,bbd45f68-2f19-4c3e-bc93-2f811c775295
2023-01-01 01:14:26 UTC,remove_from_cart,5875392,2.05,587436846,bbd45f68-2f19-4c3e-bc93-2f811c775295
2023-01-01 01:14:26 UTC,remove_from_cart,5875392,2.05,587436846,bbd45f68-2f19-4c3e-bc93-2f811c775295
2023-01-01 01:14:27 UTC,remove_from_cart,5841190,47.59,587436846,bbd45f68-2f19-4c3e-bc93-2f811c775295
2023-01-01 01:14:27 UTC,remove_from_cart,5841190,47.59,587436846,bbd45f68-2f19-4c3e-bc93-2f811c775295
2023-01-01 01:14:27 UTC,view,5819232,4.44,459117441,9ea2e135-cbcc-4c79-897b-cd1db49b27c7
2023-01-01 01:14:28 UTC,remove_from_cart,5742415,34.9,587436846,bbd45f68-2f19-4c3e-bc93-2f811c775295
2023-01-01 01:14:28 UTC,remove_from_cart,5742415,34.9,587436846,bbd45f68-2f19-4c3e-bc93-2f811c775295
2023-01-01 01:14:30 UTC,remove_from_cart,5875428,2.05,587436846,bbd45f68-2f19-4c3e-bc93-2f811c775295
2023-01-01 01:14:31 UTC,remove_from_cart,5875428,2.05,587436846,bbd45f68-2f19-4c3e-bc93-2f811c775295
2023-01-01 01:14:36 UTC,view,5819232,4.44,459117441,9ea2e135-cbcc-4c79-897b-cd1db49b27c7
2023-01-01 01:14:38 UTC,cart,5794053,5.56,386491215,9ec38a7d-3583-4a52-b156-4a9e6f811027
2023-01-01 01:14:47 UTC,view,5649241,5.56,386491215,9ec38a7d-3583-4a52-b156-4a9e6f811027
2023-01-01 01:14:51 UTC,cart,5610854,0.87,595423762,f7a08b10-43d2-43db-8b08-dcdea7c0fbb4
2023-01-01 01:14:53 UTC,view,5875530,2.05,459117441,9ea2e135-cbcc-4c79-897b-cd1db49b27c7
2023-01-01 01:15:06 UTC,cart,5658568,9.52,591285591,15025c3e-9f77-4d2e-864f-554f5e25f5f4
2023-01-01 01:15:08 UTC,view,5866215,8.79,477225645,ab8f4966-8c5a-4aec-b4e8-d28cde213474
2023-01-01 01:15:09 UTC,view,5861734,23.81,482818660,74d7d656-c965-4749-a0c1-365297458114
2023-01-01 01:15:12 UTC,cart,5550686,1.11,530095744,5f9a463e-c3d3-4879-8237-cc88f3225a6f
2023-01-01 01:15:12 UTC,view,37446,5.59,459117441,9ea2e135-cbcc-4c79-897b-cd1db49b27c7
2023-01-01 01:15:15 UTC,cart,5742415,34.9,587436846,bbd45f68-2f19-4c3e-bc93-2f811c775295
2023-01-01 01:15:23 UTC,cart,5806389,1.35,594123402,79401f0a-8b6c-44fe-8d63-99b3f75b69cd
2023-01-01 01:15:23 UTC,view,5867030,9.44,459117441,9ea2e135-cbcc-4c79-897b-cd1db49b27c7
2023-01-01 01:15:27 UTC,view,5550108,3.0,502631750,6edb4c0e-285c-4fbc-8977-589ef6d326b8
2023-01-01 01:15:29 UTC,view,5865800,0.95,404274514,abeb6d0b-0f77-42f7-9eab-9c78c82c70fe
2023-01-01 01:15:30 UTC,remove_from_cart,5550686,1.11,530095744,5f9a463e-c3d3-4879-8237-cc88f3225a6f
2023-01-01 01:15:30 UTC,remove_from_cart,5550686,1.11,530095744,5f9a463e-c3d3-4879-8237-cc88f3225a6f
2023-01-01 01:15:33 UTC,view,5753400,2.68,560369819,748b32eb-4a5e-4970-a837-163c021d78c2
2023-01-01 01:15:37 UTC,view,5858116,4.76,579837696,5e422222-d4e6-4b88-ad07-452485c1b810
2023-01-01 01:15:38 UTC,view,5810479,22.22,459117441,9ea2e135-cbcc-4c79-897b-cd1db49b27c7
2023-01-01 01:15:50 UTC,cart,5689322,16.67,595423372,0a418e19-b35e-46ca-974a-57f79cdca59b
2023-01-01 01:15:52 UTC,view,5858116,4.76,579837696,b497bed7-63a5-4e4d-b37e-84a32b501ba1
2023-01-01 01:16:00 UTC,view,5885596,102.38,459117441,9ea2e135-cbcc-4c79-897b-cd1db49b27c7
2023-01-01 01:16:45 UTC,view,5896176,4.76,459117441,9ea2e135-cbcc-4c79-897b-cd1db49b27c7
2023-01-01 01:16:47 UTC,view,5864651,4.76,459117441,9ea2e135-cbcc-4c79-897b-cd1db49b27c7
2023-01-01 01:16:49 UTC,view,5649105,4.27,459117441,9ea2e135-cbcc-4c79-897b-cd1db49b27c7
2023-01-01 01:17:02 UTC,cart,5896417,49.21,530095744,5f9a463e-c3d3-4879-8237-cc88f3225a6f
2023-01-01 01:17:23 UTC,view,5863843,9.52,595424175,1834bd99-c135-45b2-b3c6-fcfc459aad8a
2023-01-01 01:17:26 UTC,view,5908751,3.17,404274514,abeb6d0b-0f77-42f7-9eab-9c78c82c70fe
2023-01-01 01:17:39 UTC,cart,5908751,3.17,404274514,abeb6d0b-0f77-42f7-9eab-9c78c82c70fe
2023-01-01 01:17:50 UTC,view,5863849,40.16,595424175,8b2f3c51-6429-4806-be78-9bb81220efad
2023-01-01 01:17:55 UTC,view,5875509,2.54,587436846,bbd45f68-2f19-4c3e-bc93-2f811c775295
2023-01-01 01:17:58 UTC,view,5832416,0.95,595423762,f7a08b10-43d2-43db-8b08-dcdea7c0fbb4
2023-01-01 01:18:11 UTC,view,3936,18.25,576788467,a55a2df4-1130-4429-977a-8024806328fb
2023-01-01 01:18:20 UTC,view,5867775,52.37,595424276,cd951a99-9080-4b53-862f-cb5a1ea141c6
2023-01-01 01:18:21 UTC,view,5807866,0.79,595423762,f7a08b10-43d2-43db-8b08-dcdea7c0fbb4
2023-01-01 01:18:27 UTC,view,5832416,0.95,595423762,f7a08b10-43d2-43db-8b08-dcdea7c0fbb4
2023-01-01 01:18:29 UTC,cart,5875509,2.54,587436846,bbd45f68-2f19-4c3e-bc93-2f811c775295
2023-01-01 01:18:37 UTC,view,5807866,0.79,595423762,f7a08b10-43d2-43db-8b08-dcdea7c0fbb4
2023-01-01 01:18:37 UTC,view,5769925,4.22,595424312,9897698b-dfc9-4ff6-a7e9-736b6ef61966
2023-01-01 01:18:42 UTC,view,5875511,2.54,587436846,bbd45f68-2f19-4c3e-bc93-2f811c775295
2023-01-01 01:18:49 UTC,view,5778429,8.73,593530357,48885e8d-c765-4bfd-8764-05c8104ba074
2023-01-01 01:18:58 UTC,cart,5833322,1.27,404274514,abeb6d0b-0f77-42f7-9eab-9c78c82c70fe
2023-01-01 01:19:26 UTC,view,5807866,0.79,595423762,f7a08b10-43d2-43db-8b08-dcdea7c0fbb4
2023-01-01 01:19:31 UTC,view,5807866,0.79,595423762,d4b9f9d5-7535-40b7-9806-a649b93362e1
2023-01-01 01:19:32 UTC,view,5875513,2.54,587436846,bbd45f68-2f19-4c3e-bc93-2f811c775295
2023-01-01 01:19:50 UTC,cart,5857673,4.37,404274514,abeb6d0b-0f77-42f7-9eab-9c78c82c70fe
2023-01-01 01:19:52 UTC,view,5770055,2.81,595424439,68906786-910b-47ab-9b6e-b4210625defa
2023-01-01 01:19:53 UTC,view,5822387,3.0,502631750,6edb4c0e-285c-4fbc-8977-589ef6d326b8
2023-01-01 01:19:58 UTC,view,5790563,7.14,554834031,e0f2a544-3c30-471a-bbd9-09916097da86
2023-01-01 01:20:07 UTC,view,5706780,11.11,463957190,23ff4d35-32f9-4b3f-b529-293bad9ef8ee
2023-01-01 01:20:35 UTC,view,5716556,0.79,404274514,abeb6d0b-0f77-42f7-9eab-9c78c82c70fe
2023-01-01 01:20:43 UTC,remove_from_cart,5822387,3.0,502631750,6edb4c0e-285c-4fbc-8977-589ef6d326b8
2023-01-01 01:20:43 UTC,remove_from_cart,5822387,3.0,502631750,6edb4c0e-285c-4fbc-8977-589ef6d326b8
2023-01-01 01:20:45 UTC,remove_from_cart,5764750,6.35,231166811,3a4885c8-eed1-4f81-93a4-8934e6659ce7
2023-01-01 01:20:45 UTC,remove_from_cart,5764750,6.35,231166811,3a4885c8-eed1-4f81-93a4-8934e6659ce7
2023-01-01 01:20:45 UTC,view,5842654,14.51,569314361,394d37e9-4753-4601-9bb7-02431d43a924
2023-01-01 01:20:47 UTC,view,5875512,2.54,587436846,bbd45f68-2f19-4c3e-bc93-2f811c775295
2023-01-01 01:20:48 UTC,remove_from_cart,5849033,10.32,231166811,3a4885c8-eed1-4f81-93a4-8934e6659ce7
2023-01-01 01:20:48 UTC,remove_from_cart,5849033,10.32,231166811,3a4885c8-eed1-4f81-93a4-8934e6659ce7
2023-01-01 01:20:59 UTC,view,5734487,3.97,502631750,6edb4c0e-285c-4fbc-8977-589ef6d326b8
2023-01-01 01:21:01 UTC,remove_from_cart,5849566,1.75,231166811,3a4885c8-eed1-4f81-93a4-8934e6659ce7
2023-01-01 01:21:07 UTC,cart,5833321,0.79,404274514,abeb6d0b-0f77-42f7-9eab-9c78c82c70fe
2023-01-01 01:21:24 UTC,view,5822387,3.0,502631750,6edb4c0e-285c-4fbc-8977-589ef6d326b8
2023-01-01 01:21:28 UTC,view,5769877,3.65,595424640,11557a4d-200f-4091-96dd-b2a2aef3e4c8
2023-01-01 01:21:33 UTC,view,5896435,3.97,502631750,6edb4c0e-285c-4fbc-8977-589ef6d326b8
2023-01-01 01:21:47 UTC,remove_from_cart,5896435,3.97,502631750,6edb4c0e-285c-4fbc-8977-589ef6d326b8
2023-01-01 01:21:47 UTC,remove_from_cart,5896435,3.97,502631750,6edb4c0e-285c-4fbc-8977-589ef6d326b8
2023-01-01 01:21:53 UTC,view,5847854,3.81,467859130,2311f070-c65e-493f-bfe2-d6b8ca0857ec
2023-01-01 01:22:05 UTC,view,5691772,5.95,555231215,12904710-4c51-42a1-985e-bc16001f29a7
2023-01-01 01:22:11 UTC,view,5881519,7.86,481643762,8d76de98-b0af-4db8-991b-a3a2ea2853b4
2023-01-01 01:22:20 UTC,cart,5900891,3.65,567236093,ac08d06f-1704-4fc3-a7a4-0752986a719c
2023-01-01 01:22:27 UTC,cart,5875512,2.54,587436846,bbd45f68-2f19-4c3e-bc93-2f811c775295
2023-01-01 01:22:39 UTC,cart,5901867,3.02,567236093,ac08d06f-1704-4fc3-a7a4-0752986a719c
2023-01-01 01:22:45 UTC,view,5694640,4.0,555231215,12904710-4c51-42a1-985e-bc16001f29a7
2023-01-01 01:22:51 UTC,cart,5875513,2.54,587436846,bbd45f68-2f19-4c3e-bc93-2f811c775295
2023-01-01 01:23:03 UTC,cart,5775871,4.92,467859130,2311f070-c65e-493f-bfe2-d6b8ca0857ec
2023-01-01 01:23:06 UTC,cart,5528035,9.52,595424692,8a6d29f1-78ab-49ec-83df-38a310ae29ee
2023-01-01 01:23:07 UTC,cart,5813840,3.79,530095744,5f9a463e-c3d3-4879-8237-cc88f3225a6f
2023-01-01 01:23:12 UTC,cart,5849033,10.32,595424692,8a6d29f1-78ab-49ec-83df-38a310ae29ee
2023-01-01 01:23:27 UTC,view,5674911,3.97,595038553,1e591178-d0db-4019-8dea-f9dbe11586c1
2023-01-01 01:23:39 UTC,view,5875512,2.54,587436846,bbd45f68-2f19-4c3e-bc93-2f811c775295
2023-01-01 01:23:41 UTC,view,5830506,3.95,481643762,8d76de98-b0af-4db8-991b-a3a2ea2853b4
2023-01-01 01:23:41 UTC,view,5730966,6.35,592384494,3539cba0-ce5f-4d71-aeb8-f108d5a84a12
2023-01-01 01:23:47 UTC,cart,5700069,0.63,530095744,5f9a463e-c3d3-4879-8237-cc88f3225a6f
2023-01-01 01:23:57 UTC,cart,59003,7.46,499695012,c2462d24-a768-4610-8b24-92f7ae8103db
2023-01-01 01:23:59 UTC,view,5862569,4.76,481643762,8d76de98-b0af-4db8-991b-a3a2ea2853b4
2023-01-01 01:23:59 UTC,view,5864853,7.14,595424921,acb2fb69-630e-4733-9cbf-4a91785792e6
2023-01-01 01:24:04 UTC,view,59004,7.46,499695012,c2462d24-a768-4610-8b24-92f7ae8103db
2023-01-01 01:24:08 UTC,cart,5854883,0.63,530095744,5f9a463e-c3d3-4879-8237-cc88f3225a6f
2023-01-01 01:24:09 UTC,view,5834738,0.79,310843802,e3d3613c-44b4-4a60-8781-d94ad09a1a2a
2023-01-01 01:24:10 UTC,cart,5627738,9.44,595424692,8a6d29f1-78ab-49ec-83df-38a310ae29ee
2023-01-01 01:24:13 UTC,cart,5775881,4.92,467859130,2311f070-c65e-493f-bfe2-d6b8ca0857ec
2023-01-01 01:24:14 UTC,cart,5760335,1.9,530095744,5f9a463e-c3d3-4879-8237-cc88f3225a6f
2023-01-01 01:24:18 UTC,cart,5826000,6.33,595424692,8a6d29f1-78ab-49ec-83df-38a310ae29ee
2023-01-01 01:24:27 UTC,cart,5882408,2.7,530095744,5f9a463e-c3d3-4879-8237-cc88f3225a6f
2023-01-01 01:24:31 UTC,view,5875513,2.54,587436846,bbd45f68-2f19-4c3e-bc93-2f811c775295
2023-01-01 01:24:37 UTC,view,5649305,6.03,567236093,ac08d06f-1704-4fc3-a7a4-0752986a719c
2023-01-01 01:24:39 UTC,cart,5775874,4.92,467859130,2311f070-c65e-493f-bfe2-d6b8ca0857ec
2023-01-01 01:24:39 UTC,remove_from_cart,5875513,2.54,587436846,bbd45f68-2f19-4c3e-bc93-2f811c775295
2023-01-01 01:24:39 UTC,remove_from_cart,5875513,2.54,587436846,bbd45f68-2f19-4c3e-bc93-2f811c775295
2023-01-01 01:24:56 UTC,cart,5780830,7.14,595424692,8a6d29f1-78ab-49ec-83df-38a310ae29ee
2023-01-01 01:25:02 UTC,cart,5824195,0.94,310843802,e3d3613c-44b4-4a60-8781-d94ad09a1a2a
2023-01-01 01:25:07 UTC,view,5697545,107.94,595425047,d505f964-fe62-4a70-95b6-c4009a516f84
2023-01-01 01:25:11 UTC,view,37457,9.44,595425053,559512a3-f3ba-4ef0-9a4b-cd6a6cc2b07f
2023-01-01 01:25:17 UTC,view,5759491,1.94,592091173,18524b95-9dc4-4b6c-a2ea-ae2791ff8962
2023-01-01 01:25:18 UTC,view,5875506,1.83,587436846,bbd45f68-2f19-4c3e-bc93-2f811c775295
2023-01-01 01:25:21 UTC,cart,59003,7.46,499695012,c2462d24-a768-4610-8b24-92f7ae8103db
2023-01-01 01:25:32 UTC,cart,5786703,4.92,467859130,2311f070-c65e-493f-bfe2-d6b8ca0857ec
2023-01-01 01:25:46 UTC,cart,5882573,13.49,499695012,c2462d24-a768-4610-8b24-92f7ae8103db
2023-01-01 01:25:48 UTC,view,5807866,0.79,595423762,be0fe524-0621-4c65-9903-6098185d79fb
2023-01-01 01:25:52 UTC,view,5788423,3.33,594796939,4beef20e-9b48-4d2f-9ecf-02fbf520114f
2023-01-01 01:25:53 UTC,cart,5772168,3.97,530095744,5f9a463e-c3d3-4879-8237-cc88f3225a6f
2023-01-01 01:25:53 UTC,view,5796757,4.29,583800903,091e110c-f7bd-47b5-bed8-3a3aba4232ddgg